TranDate,Account,Dept,Sum of Amount,Cost
4/1/2015,71240,296,$613.69 ,1
4/1/2015,65740,157,($689.51),2
4/1/2015,65610,239,($246.57),3
4/1/2015,65660,187,($124.42),
4/1/2015,65650,197,($192.52),
4/1/2015,73030,162,$20.57 ,
4/1/2015,73030,157,$230.94 ,
4/1/2015,61550,286,($191.93),
4/1/2015,65590,293,($25.25),
4/1/2015,66520,175,($40.37),
4/1/2015,62099,270,$25.41 ,
4/1/2015,66020,193,($102.26),
4/1/2015,61510,155,($41.27),
4/1/2015,65740,245,($564.14),
4/1/2015,73040,156,$126.00 ,
4/1/2015,65620,185,($27.26),
4/1/2015,65690,259,($74.44),
4/1/2015,66550,211,($113.64),
4/1/2015,66020,251,($364.56),
4/1/2015,62550,176,($43.54),
4/1/2015,72999,232,($199.64),
4/1/2015,65620,275,($33.46),
4/1/2015,71060,170,$55.08 ,
4/1/2015,65760,298,($10.38),
4/1/2015,66040,157,($20.77),
4/1/2015,65740,207,($542.89),
4/1/2015,65550,226,($99.82),
4/1/2015,64000,225,$153.63 ,
4/1/2015,63050,255,($10.03),
4/1/2015,83020,291,$304.35 ,
4/1/2015,62510,255,($234.75),
4/1/2015,62560,225,($8.73),
4/1/2015,66100,160,($4.29),
4/1/2015,62510,150,($215.19),
4/1/2015,62510,213,($286.92),
4/1/2015,66030,273,($3.40),
4/1/2015,61540,204,($9.92),
4/1/2015,86010,152,$295.98 ,
4/1/2015,61550,278,($191.93),
4/1/2015,64000,259,$246.42 ,
4/1/2015,66520,293,($22.02),
4/1/2015,64020,213,$9.04 ,
4/1/2015,61510,218,($43.98),
4/1/2015,66050,155,($21.06),
4/1/2015,65590,298,($92.49),
4/1/2015,73010,179,$75.24 ,
4/1/2015,86020,290,$46.90 ,
4/1/2015,86320,216,$93.50 ,
4/1/2015,65690,174,($90.99),
4/2/2015,68060,254,($76.57),
4/2/2015,66550,292,($75.76),
4/2/2015,65570,236,($18.04),
4/2/2015,63050,278,($10.03),
4/2/2015,66030,166,($8.04),
4/2/2015,66040,207,($29.00),
4/2/2015,65610,228,($302.61),
4/2/2015,62540,296,($16.96),
4/2/2015,61560,226,($64.33),
4/2/2015,66070,289,($13.09),
4/2/2015,64000,234,$264.67 ,
4/2/2015,81350,276,$15.53 ,
4/2/2015,64000,150,$153.63 ,
4/2/2015,73010,274,$15.78 ,
4/2/2015,62030,273,($11.60),
4/2/2015,65610,277,($216.68),
4/2/2015,65570,282,($9.84),
4/2/2015,71050,273,$363.13 ,
4/2/2015,65600,153,($274.55),
4/2/2015,64010,275,$30.78 ,
4/2/2015,66090,192,($40.82),
4/2/2015,62010,177,($618.83),
4/2/2015,81230,162,$30.20 ,
4/2/2015,62020,284,($805.77),
4/2/2015,73050,295,$10.30 ,
4/2/2015,72160,162,"$1,604.81 ",
4/2/2015,62520,261,($115.01),
4/2/2015,64010,162,$30.78 ,
4/2/2015,73050,151,$5.70 ,
4/2/2015,66530,264,($8.53),
4/2/2015,65690,155,($60.66),
4/2/2015,65600,244,($503.34),
4/2/2015,61520,216,($149.87),
4/2/2015,65750,197,($535.66),
4/2/2015,61530,230,($31.17),
4/2/2015,81350,198,$10.36 ,
4/2/2015,65650,232,($192.52),
4/2/2015,65600,208,($255.61),
4/2/2015,71299,242,($9.30),
4/2/2015,61520,227,($183.93),
4/2/2015,72130,251,$342.55 ,
4/2/2015,61520,175,($183.93),
4/2/2015,86200,179,$7.45 ,
4/2/2015,62010,288,($576.16),
4/2/2015,73010,289,$164.01 ,
4/2/2015,86135,226,"$4,444.44 ",
4/2/2015,66030,176,($3.40),
4/2/2015,83060,273,$136.79 ,
4/2/2015,62540,265,($12.72),
4/2/2015,72160,231,"$1,833.08 ",
4/2/2015,66520,150,($26.91),
4/2/2015,61570,183,($82.19),
4/2/2015,66050,172,($25.74),
4/2/2015,65700,284,($250.88),
4/2/2015,65540,235,($414.56),
4/2/2015,80990,286,"$2,639.81 ",
4/2/2015,65600,201,($312.42),
4/2/2015,62010,294,($576.16),
4/2/2015,61570,271,($82.19),
4/2/2015,66020,243,($501.28),
4/2/2015,73020,285,$47.94 ,
4/2/2015,61520,245,($197.55),
4/2/2015,65550,228,($81.67),
4/2/2015,68050,232,($0.04),
4/2/2015,82050,217,$298.66 ,
4/2/2015,62010,168,($384.11),
4/2/2015,66120,185,($2.10),
4/2/2015,66510,248,($57.62),
4/2/2015,72120,189,"$3,083.45 ",
4/2/2015,73050,293,$4.64 ,
4/2/2015,66550,237,($86.21),
4/2/2015,66070,295,($3.94),
4/2/2015,66080,212,($1.49),
4/2/2015,66030,169,($5.10),
4/2/2015,71160,267,$194.72 ,
4/2/2015,65690,163,($60.66),
4/2/2015,65710,201,($398.77),
4/2/2015,62510,271,($215.19),
4/2/2015,66110,252,($0.70),
4/2/2015,71050,183,$297.11 ,
4/2/2015,63050,162,($6.68),
4/2/2015,65520,234,($9.28),
4/2/2015,65690,231,($74.44),
4/2/2015,73030,287,$128.03 ,
4/2/2015,65700,297,($250.88),
4/2/2015,65650,251,($288.77),
4/2/2015,66510,284,($57.62),
4/2/2015,61550,184,($255.90),
4/2/2015,86100,214,($0.03),
4/2/2015,73050,212,$3.80 ,
4/2/2015,66090,169,($20.41),
4/2/2015,61510,203,($61.42),
4/2/2015,83020,194,$72.00 ,
4/2/2015,68050,258,($0.04),
4/2/2015,65570,256,($13.12),
4/2/2015,66120,154,($1.71),
4/2/2015,68060,225,($46.79),
4/2/2015,65660,227,($76.03),
4/2/2015,81100,262,$297.68 ,
4/2/2015,81180,235,$205.08 ,
4/2/2015,66100,270,($3.49),
4/2/2015,71560,282,$88.00 ,
4/2/2015,65550,163,($149.73),
4/2/2015,65710,275,($785.24),
4/2/2015,63050,181,($8.17),
4/2/2015,65600,273,($255.61),
4/2/2015,81220,262,$39.09 ,
4/2/2015,64020,210,$4.72 ,
4/2/2015,65610,280,($302.61),
4/2/2015,65610,160,($397.25),
4/2/2015,65550,275,($108.90),
4/2/2015,65760,287,($8.49),
4/2/2015,82050,166,$447.99 ,
4/2/2015,66120,298,($2.28),
4/2/2015,68060,164,($57.43),
4/2/2015,73030,186,$125.97 ,
4/2/2015,62540,197,($15.54),
4/2/2015,61530,185,($41.00),
4/2/2015,66020,239,($410.14),
4/2/2015,62560,209,($6.65),
4/2/2015,66520,284,($33.03),
4/2/2015,86030,237,$1.65 ,
4/2/2015,66040,260,($19.34),
4/2/2015,68060,172,($70.90),
4/2/2015,72140,237,$867.91 ,
4/2/2015,86100,191,$14.66 ,
4/2/2015,73030,256,$55.60 ,
4/2/2015,66010,195,($17.08),
4/2/2015,86200,192,$36.20 ,
4/2/2015,65590,227,($61.66),
4/2/2015,73010,185,$61.56 ,
4/2/2015,65650,235,($157.51),
4/2/2015,62510,286,($116.14),
4/2/2015,73020,284,$94.84 ,
4/2/2015,62030,250,($106.00),
4/2/2015,61520,264,($122.62),
4/2/2015,61570,170,($108.34),
4/2/2015,72100,195,$167.60 ,
4/2/2015,64020,278,$4.19 ,
4/2/2015,62540,198,($20.72),
4/2/2015,66070,280,($3.94),
4/2/2015,66120,291,($2.56),
4/2/2015,71240,157,$500.05 ,
4/2/2015,62520,239,($115.01),
4/2/2015,82010,235,$310.39 ,
4/2/2015,62560,214,($6.65),
4/2/2015,66130,223,($76.31),
4/2/2015,86170,255,$6.62 ,
4/2/2015,73040,213,$110.88 ,
4/2/2015,66090,178,($30.62),
4/2/2015,86290,230,$134.13 ,
4/2/2015,83020,216,$278.25 ,
4/2/2015,73020,239,$23.45 ,
4/2/2015,62560,169,($9.97),
4/2/2015,62099,276,$31.06 ,
4/2/2015,86160,265,$12.39 ,
4/2/2015,65710,154,($642.47),
4/2/2015,66120,155,($1.94),
4/2/2015,65690,224,($80.88),
4/2/2015,72020,203,"$2,921.24 ",
4/2/2015,86360,250,$6.26 ,
4/2/2015,66010,165,($25.63),
4/2/2015,62020,220,"($1,057.79)",
4/2/2015,71020,266,$713.06 ,
4/2/2015,66030,268,($5.10),
4/2/2015,66520,221,($22.02),
4/2/2015,65590,243,($86.11),
4/2/2015,73040,194,$90.72 ,
4/2/2015,61560,198,($64.33),
4/2/2015,62099,280,$20.71 ,
4/2/2015,61560,273,($5.52),
4/2/2015,65550,214,($54.61),
4/2/2015,86010,268,$17.31 ,
4/2/2015,71070,287,($79.40),
4/2/2015,68050,169,($0.03),
4/2/2015,62030,154,($8.70),
4/2/2015,65650,228,($288.77),
4/2/2015,65520,259,($6.29),
4/2/2015,73020,178,$52.94 ,
4/2/2015,61560,298,($4.14),
4/2/2015,71310,287,"$2,974.31 ",
4/2/2015,66100,189,($2.86),
4/2/2015,64020,201,$3.38 ,
4/2/2015,66510,265,($94.28),
4/2/2015,66030,196,($6.24),
4/2/2015,62560,168,($12.01),
4/2/2015,61550,174,($156.38),
4/2/2015,65740,185,($752.19),
4/2/2015,62560,221,($8.13),
4/2/2015,62099,169,$31.06 ,
4/2/2015,66050,250,($33.93),
4/2/2015,71070,157,($317.08),
4/2/2015,81190,217,$3.85 ,
4/2/2015,65690,215,($74.44),
4/3/2015,83030,258,$390.68 ,
4/3/2015,86040,158,$212.12 ,
4/3/2015,66080,159,($1.22),
4/3/2015,65550,290,($72.81),
4/3/2015,71550,155,$626.14 ,
4/3/2015,66120,185,($2.10),
4/3/2015,62550,294,($27.02),
4/3/2015,86050,163,$188.13 ,
4/3/2015,63050,151,($6.68),
4/3/2015,72120,177,"$2,416.02 ",
4/3/2015,62030,263,($77.09),
4/3/2015,68050,194,($0.03),
4/3/2015,65660,158,($93.31),
4/3/2015,65650,284,($253.77),
4/3/2015,72999,272,($366.00),
4/3/2015,66530,246,($5.24),
4/3/2015,65540,213,($466.38),
4/3/2015,61510,267,($54.59),
4/3/2015,66030,280,($5.48),
4/3/2015,66040,173,($29.00),
4/3/2015,61510,178,($40.95),
4/3/2015,65650,232,($192.52),
4/3/2015,64000,177,$204.84 ,
4/3/2015,66130,169,($103.26),
4/3/2015,82040,272,$12.05 ,
4/3/2015,83020,151,$202.90 ,
4/3/2015,62010,260,($384.11),
4/3/2015,62020,211,($407.53),
4/3/2015,66510,219,($61.88),
4/3/2015,66510,269,($70.71),
4/3/2015,61520,224,($149.87),
4/3/2015,62540,167,($16.70),
4/3/2015,64010,218,$25.08 ,
4/3/2015,62530,217,($62.33),
4/3/2015,81170,243,$49.26 ,
4/3/2015,65740,175,($493.72),
4/3/2015,82010,162,$380.94 ,
4/3/2015,62520,196,($76.67),
4/3/2015,65650,298,($192.52),
4/3/2015,65750,293,($498.72),
4/3/2015,62510,184,($264.10),
4/3/2015,86270,239,$34.05 ,
4/3/2015,65520,169,($8.64),
4/3/2015,66100,177,($5.72),
4/3/2015,65750,175,($914.31),
4/3/2015,66020,251,($334.18),
4/3/2015,72110,211,"$2,001.72 ",
4/3/2015,65540,250,($381.59),
4/3/2015,66040,155,($31.64),
4/4/2015,86010,243,$42.75 ,
4/4/2015,83050,232,$265.82 ,
4/4/2015,66520,188,($40.37),
4/4/2015,85510,211,$685.50 ,
4/4/2015,62530,206,($76.49),
4/4/2015,65520,282,($4.71),
4/4/2015,86100,197,$144.96 ,
4/4/2015,66110,176,($0.38),
4/4/2015,73040,280,$29.16 ,
4/4/2015,65730,278,($8.35),
4/4/2015,61570,175,($82.19),
4/4/2015,62540,176,($12.72),
4/4/2015,65590,292,($70.16),
4/4/2015,62020,205,($984.84),
4/4/2015,66020,153,($410.14),
4/4/2015,66120,217,($1.40),
4/4/2015,62030,275,($86.72),
4/4/2015,62099,222,$18.20 ,
4/4/2015,72070,186,"$2,826.68 ",
4/4/2015,64020,232,$12.06 ,
4/4/2015,68060,213,($46.79),
4/4/2015,66530,244,($6.40),
4/4/2015,81090,288,$252.01 ,
4/4/2015,61570,249,($100.87),
4/4/2015,61560,292,($78.95),
4/4/2015,62560,197,($9.01),
4/4/2015,66040,203,($25.78),
4/4/2015,65690,170,($74.44),
4/4/2015,64020,224,$4.72 ,
4/4/2015,61540,155,($14.88),
4/4/2015,66110,176,($0.31),
4/4/2015,62020,274,($805.77),
4/4/2015,64010,205,$15.81 ,
4/4/2015,65700,238,($459.94),
4/4/2015,66070,242,($5.26),
4/4/2015,86100,176,$122.05 ,
4/4/2015,66040,194,($23.73),
4/4/2015,61540,207,($9.92),
4/4/2015,72010,234,"$2,387.36 ",
4/4/2015,66510,280,($76.82),
4/4/2015,61520,252,($122.62),
4/4/2015,61530,287,($44.03),
4/4/2015,61540,260,($13.02),
4/4/2015,73040,240,$136.08 ,
4/4/2015,64000,226,$134.41 ,
4/4/2015,82050,245,$14.16 ,
4/4/2015,66100,215,($3.75),
4/4/2015,65710,272,($598.16),
4/4/2015,86030,289,$2.48 ,
4/5/2015,62030,284,($86.72),
4/5/2015,64010,165,$15.81 ,
4/5/2015,68050,188,($0.04),
4/5/2015,61520,178,($241.45),
4/5/2015,86420,163,$116.40 ,
4/5/2015,66080,264,($1.22),
4/5/2015,62099,214,$16.94 ,
4/5/2015,62510,164,($264.10),
4/5/2015,65620,230,($27.26),
4/5/2015,71080,279,$21.32 ,
4/5/2015,66030,203,($5.10),
4/5/2015,61510,233,($53.75),
4/5/2015,83070,266,$274.84 ,
4/5/2015,62099,230,$20.71 ,
4/5/2015,65620,154,($27.26),
4/5/2015,66020,218,($136.35),
4/5/2015,66510,164,($19.98),
4/5/2015,73020,188,$142.95 ,
4/5/2015,64020,272,$4.72 ,
4/5/2015,64020,248,$4.13 ,
4/5/2015,65730,286,($4.56),
4/5/2015,66070,162,($16.00),
4/5/2015,62550,162,($57.16),
4/5/2015,66050,277,($35.72),
4/5/2015,82070,156,$4.82 ,
4/5/2015,86030,154,($39.83),
4/5/2015,64020,178,$3.14 ,
4/5/2015,61550,177,($156.38),
4/5/2015,65760,198,($11.14),
4/5/2015,81220,197,$31.85 ,
4/5/2015,85010,268,$89.38 ,
4/5/2015,61550,224,($167.97),
4/5/2015,65570,229,($12.03),
4/5/2015,66010,195,($17.08),
4/5/2015,81260,287,$21.96 ,
4/5/2015,65520,295,($8.64),
4/5/2015,72050,225,$498.19 ,
4/5/2015,65690,234,($90.99),
4/5/2015,62510,275,($116.14),
4/5/2015,86100,189,($0.04),
4/5/2015,66110,172,($0.46),
4/5/2015,86350,198,$182.08 ,
4/5/2015,61530,227,($50.11),
4/5/2015,65730,209,($4.22),
4/5/2015,62550,242,($65.32),
4/5/2015,73050,168,$12.64 ,
4/5/2015,64000,244,$246.42 ,
4/5/2015,62550,239,($53.22),
4/5/2015,65620,164,($29.74),
4/5/2015,61510,150,($75.07),
4/5/2015,81260,249,$26.95 ,
4/5/2015,66130,161,($64.09),
4/5/2015,72110,208,"$2,581.22 ",
4/5/2015,66550,274,($70.54),
4/5/2015,66100,256,($5.24),
4/5/2015,65750,260,($692.68),
4/6/2015,66510,157,($47.14),
4/6/2015,73050,214,$64.42 ,
4/6/2015,83020,230,$510.13 ,
4/6/2015,66110,181,($0.38),
4/6/2015,68060,222,($38.28),
4/6/2015,86170,233,$5.41 ,
4/6/2015,71550,173,$341.53 ,
4/6/2015,66120,233,($2.79),
4/6/2015,66030,177,($4.16),
4/6/2015,73010,286,$166.93 ,
4/6/2015,61540,209,($2.32),
4/6/2015,81260,157,$17.97 ,
4/6/2015,65520,166,($5.76),
4/6/2015,66070,154,($13.09),
4/6/2015,62520,191,($93.71),
4/6/2015,71299,246,($7.61),
4/6/2015,61570,154,($123.29),
4/6/2015,73030,191,$25.15 ,
4/6/2015,62099,235,$16.94 ,
4/6/2015,61550,256,($78.86),
4/6/2015,62520,255,($115.01),
4/6/2015,86350,186,$37.10 ,
4/6/2015,64000,268,$246.42 ,
4/6/2015,65700,253,($376.32),
4/6/2015,86040,159,$259.25 ,
4/6/2015,65700,152,($159.95),
4/6/2015,66070,250,($10.66),
4/6/2015,73050,255,$114.22 ,
4/6/2015,62020,191,($537.18),
4/6/2015,81110,182,"$3,302.68 ",
4/6/2015,63050,287,($10.89),
4/6/2015,71310,153,"$3,650.29 ",
4/6/2015,66070,165,($16.00),
4/6/2015,61510,178,($50.05),
4/6/2015,66020,282,($273.42),
4/6/2015,62560,284,($8.13),
4/6/2015,71170,291,$678.58 ,
4/6/2015,71030,280,$101.98 ,
4/6/2015,65740,247,($542.89),
4/6/2015,65740,249,($376.09),
4/6/2015,86290,152,$235.33 ,
4/6/2015,65620,288,($27.26),
4/6/2015,65710,285,($649.85),
4/6/2015,81110,262,"$4,036.61 ",
4/6/2015,81090,269,$308.01 ,
4/6/2015,66010,214,($25.63),
4/6/2015,81900,225,$97.79 ,
4/6/2015,64020,195,$5.12 ,
4/6/2015,66110,206,($0.27),
4/6/2015,65700,208,($404.20),
4/6/2015,66520,297,($35.88),
4/6/2015,62550,205,($65.32),
4/6/2015,68050,204,($0.04),
4/6/2015,65620,285,($36.35),
4/6/2015,65710,204,($731.09),
4/6/2015,68060,244,($53.17),
4/7/2015,73050,235,$19.41 ,
4/7/2015,81900,161,$119.52 ,
4/7/2015,62020,257,($875.41),
4/7/2015,73040,230,$139.32 ,
4/7/2015,61520,281,($183.93),
4/7/2015,65550,273,($131.58),
4/7/2015,63050,224,($13.16),
4/7/2015,65750,297,($748.08),
4/7/2015,66010,167,($18.35),
4/7/2015,66100,294,($3.49),
4/7/2015,64000,174,$134.41 ,
4/7/2015,73030,232,$57.65 ,
4/7/2015,65570,187,($14.76),
4/7/2015,62510,269,($176.06),
4/7/2015,83020,176,$417.38 ,
4/7/2015,65700,198,($269.46),
4/7/2015,65590,168,($86.11),
4/7/2015,62099,202,$25.41 ,
4/7/2015,66510,237,($70.71),
4/7/2015,66100,165,($5.02),
4/7/2015,66040,277,($5.58),
4/7/2015,81010,179,$250.00 ,
4/7/2015,65660,242,($10.73),
4/7/2015,66040,217,($4.19),
4/7/2015,62520,170,($140.57),
4/7/2015,64000,220,$176.45 ,
4/7/2015,66050,260,($47.62),
4/7/2015,61540,200,($18.19),
4/7/2015,65520,229,($8.64),
4/7/2015,73040,295,$265.50 ,
4/7/2015,73020,176,$35.29 ,
4/7/2015,83060,150,$167.88 ,
4/7/2015,62540,250,($15.54),
4/7/2015,86420,295,$77.60 ,
4/7/2015,73030,239,$192.05 ,
4/7/2015,65570,218,($12.03),
4/7/2015,66550,278,($92.60),
4/7/2015,81050,211,$413.49 ,
4/7/2015,65620,283,($33.46),
4/7/2015,73030,176,$46.98 ,
4/7/2015,62520,229,($140.57),
4/7/2015,81170,220,$18.79 ,
4/7/2015,61510,265,($75.07),
4/7/2015,62540,246,($19.08),
4/7/2015,65610,261,($369.85),
4/7/2015,65690,192,($90.99),
4/7/2015,66030,158,($4.16),
4/7/2015,65740,251,($459.67),
4/7/2015,71030,270,$301.95 ,
4/7/2015,81150,253,$64.20 ,
4/7/2015,86050,234,$125.42 ,
4/7/2015,66550,166,($32.02),
4/7/2015,62010,235,($366.31),
4/7/2015,81090,162,$168.00 ,
4/7/2015,66040,179,($23.73),
4/7/2015,62540,291,($15.54),
4/8/2015,65590,192,($93.55),
4/8/2015,86310,244,$98.46 ,
4/8/2015,66090,192,($24.95),
4/8/2015,73030,199,$990.73 ,
4/8/2015,83010,171,$5.95 ,
4/8/2015,64020,193,$3.84 ,
4/8/2015,63050,201,($12.25),
4/8/2015,65660,172,($93.31),
4/8/2015,62550,246,($46.77),
4/8/2015,86010,282,$118.72 ,
4/8/2015,65600,193,($416.55),
4/8/2015,64010,195,$25.08 ,
4/8/2015,62520,288,($76.67),
4/8/2015,66100,179,($2.86),
4/8/2015,65660,155,($62.21),
4/8/2015,72110,194,"$3,002.58 ",
4/8/2015,84020,190,$415.28 ,
4/8/2015,66090,216,($24.95),
4/8/2015,66040,233,($19.34),
4/8/2015,86010,167,$64.96 ,
4/8/2015,71299,177,($11.42),
4/8/2015,65730,262,($5.98),
4/8/2015,63050,265,($8.77),
4/8/2015,86180,166,$45.65 ,
4/8/2015,62540,273,($25.04),
4/8/2015,61530,249,($41.00),
4/8/2015,73050,237,$88.71 ,
4/8/2015,83030,281,$260.45 ,
4/8/2015,71020,166,$583.41 ,
4/8/2015,81280,271,$160.64 ,
4/8/2015,83070,170,$412.27 ,
4/8/2015,85010,285,$109.24 ,
4/8/2015,62020,269,($537.18),
4/8/2015,62020,286,($537.18),
4/8/2015,64010,210,$21.07 ,
4/8/2015,71080,267,$26.06 ,
4/8/2015,71180,180,$257.15 ,
4/8/2015,62540,162,($20.49),
4/8/2015,64020,194,$4.72 ,
4/8/2015,62099,183,$33.89 ,
4/8/2015,81050,249,$214.67 ,
4/8/2015,65700,271,($159.95),
4/8/2015,62540,177,($19.08),
4/8/2015,62560,192,($8.87),
4/8/2015,81260,204,$60.93 ,
4/8/2015,68060,241,($53.17),
4/8/2015,66520,269,($23.65),
4/8/2015,65610,248,($201.74),
4/8/2015,61550,248,($127.95),
4/8/2015,83050,264,$217.49 ,
4/8/2015,62510,202,($154.85),
4/8/2015,85510,298,$904.86 ,
4/8/2015,61550,175,($156.38),
4/8/2015,66090,259,($24.95),
4/8/2015,62530,254,($70.12),
4/8/2015,81280,205,$9.57 ,
4/9/2015,84020,187,$281.36 ,
4/9/2015,66520,230,($35.47),
4/9/2015,62560,194,($8.13),
4/9/2015,62030,160,($70.66),
4/9/2015,62030,154,($70.66),
4/9/2015,86050,186,$74.87 ,
4/9/2015,62099,273,$20.71 ,
4/9/2015,86010,191,$178.08 ,
4/9/2015,72120,205,"$4,429.37 ",
4/9/2015,65540,258,($191.54),
4/9/2015,66100,183,($6.69),
4/9/2015,66050,179,($38.61),
4/9/2015,65620,260,($22.31),
4/9/2015,66030,153,($5.10),
4/9/2015,73020,168,$174.71 ,
4/9/2015,65540,166,($508.78),
4/9/2015,72140,160,$814.77 ,
4/9/2015,61570,271,($67.25),
4/9/2015,81110,193,"$2,691.07 ",
4/9/2015,61550,204,($127.95),
4/9/2015,73040,175,$43.74 ,
4/9/2015,81230,154,$24.71 ,
4/9/2015,81200,237,$75.75 ,
4/9/2015,62560,263,($6.65),
4/9/2015,66550,252,($86.21),
4/9/2015,73030,284,$157.13 ,
4/9/2015,86330,196,$562.26 ,
4/9/2015,61510,196,($50.05),
4/9/2015,81050,243,$338.31 ,
4/9/2015,64000,172,$219.04 ,
4/9/2015,62510,190,($215.19),
4/9/2015,64010,196,$37.62 ,
4/9/2015,66040,248,($19.34),
4/9/2015,66120,161,($2.56),
4/9/2015,65700,235,($376.32),
4/9/2015,84030,262,$81.25 ,
4/9/2015,66010,280,($31.32),
4/9/2015,62010,270,($384.11),
4/9/2015,66010,287,($17.08),
4/9/2015,62520,246,($93.71),
4/9/2015,65550,157,($149.73),
4/9/2015,65710,160,($487.39),
4/9/2015,71060,274,$62.17 ,
4/9/2015,65620,174,($22.31),
4/9/2015,73060,169,$7.50 ,
4/9/2015,62550,206,($79.83),
4/9/2015,62099,202,$27.29 ,
4/9/2015,66100,174,($4.29),
4/9/2015,62020,249,($656.56),
4/9/2015,81280,257,$87.62 ,
4/9/2015,62020,256,($805.77),
4/9/2015,73050,295,$15.45 ,
4/9/2015,62099,200,$20.71 ,
4/9/2015,73020,169,$190.71 ,
4/9/2015,65540,298,($381.59),
4/9/2015,83070,234,$337.31 ,
4/9/2015,66070,212,($16.00),
4/9/2015,86290,223,$192.54 ,
4/9/2015,61520,154,($224.80),
4/9/2015,66070,235,($14.22),
4/9/2015,66070,177,($10.66),
4/9/2015,83010,214,$28.10 ,
4/9/2015,65620,197,($40.90),
4/9/2015,86020,258,$34.42 ,
4/9/2015,62020,288,($805.77),
4/9/2015,66090,255,($27.22),
4/9/2015,65700,241,($329.34),
4/9/2015,71325,289,($534.12),
4/9/2015,66120,284,($1.71),
4/9/2015,66120,210,($1.71),
4/9/2015,61530,247,($50.11),
4/9/2015,66080,281,($2.23),
4/9/2015,65590,248,($113.04),
4/9/2015,66050,223,($22.62),
4/9/2015,65540,168,($254.39),
4/9/2015,65750,171,($654.69),
4/9/2015,61530,226,($75.16),
4/9/2015,65660,152,($93.31),
4/9/2015,62560,264,($9.01),
4/9/2015,65540,217,($310.92),
4/9/2015,66080,187,($1.82),
4/9/2015,66530,159,($7.85),
4/9/2015,62560,158,($12.19),
4/9/2015,66100,278,($2.86),
4/9/2015,62530,270,($57.37),
4/9/2015,68060,212,($57.43),
4/9/2015,65650,261,($192.52),
4/9/2015,62530,222,($41.08),
4/9/2015,65650,150,($236.27),
4/9/2015,66050,245,($42.12),
4/9/2015,81330,157,$98.16 ,
4/9/2015,86010,239,$14.85 ,
4/9/2015,84020,280,$339.77 ,
4/9/2015,83010,273,$18.74 ,
4/9/2015,84020,190,$172.12 ,
4/9/2015,62540,219,($19.08),
4/9/2015,61570,275,($123.29),
4/9/2015,86050,241,$109.46 ,
4/9/2015,65600,201,($312.42),
4/9/2015,65700,228,($250.88),
4/9/2015,66510,270,($47.14),
4/9/2015,86100,157,$264.03 ,
4/9/2015,61540,265,($12.12),
4/9/2015,66080,203,($1.49),
4/9/2015,66530,237,($6.98),
4/9/2015,65610,287,($302.61),
4/9/2015,65700,271,($250.88),
4/9/2015,65690,253,($86.31),
4/9/2015,66080,245,($1.98),
4/9/2015,73020,265,$31.96 ,
4/9/2015,86135,217,"$3,636.36 ",
4/9/2015,68050,253,($0.04),
4/9/2015,73020,233,$155.20 ,
4/9/2015,66030,249,($6.03),
4/9/2015,65700,254,($306.63),
4/9/2015,65710,242,($681.59),
4/9/2015,61550,241,($191.93),
4/9/2015,62510,225,($176.06),
4/9/2015,66020,166,($445.58),
4/9/2015,86010,151,$361.76 ,
4/9/2015,65710,273,($487.39),
4/9/2015,66070,294,($10.66),
4/9/2015,71020,264,$475.37 ,
4/9/2015,65710,287,($598.16),
4/9/2015,62010,167,($469.46),
4/9/2015,66120,203,($2.75),
4/9/2015,66020,271,($102.26),
4/9/2015,86040,281,$648.15 ,
4/9/2015,68050,165,($0.05),
4/9/2015,65710,178,($797.55),
4/9/2015,86310,192,$19.80 ,
4/9/2015,71200,155,$178.33 ,
4/9/2015,65550,159,($107.22),
4/9/2015,72040,279,$646.04 ,
4/9/2015,66050,163,($21.06),
4/9/2015,62530,177,($38.25),
4/9/2015,71240,172,$750.07 ,
4/9/2015,71190,202,$30.36 ,
4/9/2015,71560,220,$108.00 ,
4/9/2015,62010,227,($366.31),
4/9/2015,72100,157,$205.69 ,
4/9/2015,71050,189,$544.70 ,
4/9/2015,66010,186,($17.08),
4/9/2015,66550,286,($105.80),
4/9/2015,61550,191,($127.95),
4/9/2015,66530,247,($9.60),
4/9/2015,62030,224,($94.22),
4/9/2015,62020,183,($656.56),
4/9/2015,65620,248,($35.94),
4/9/2015,66120,263,($1.83),
4/9/2015,65760,263,($7.86),
4/9/2015,86310,231,$180.51 ,
4/9/2015,81200,223,$92.58 ,
4/9/2015,66520,261,($12.99),
4/9/2015,73030,246,$104.75 ,
4/9/2015,63060,272,$2.00 ,
4/9/2015,65520,181,($7.68),
4/9/2015,66530,154,($6.40),
4/9/2015,66070,173,($3.94),
4/9/2015,81210,269,$273.13 ,
4/9/2015,65660,167,($10.73),
4/9/2015,66510,295,($47.14),
4/9/2015,65570,214,($18.04),
4/9/2015,62530,256,($57.37),
4/9/2015,66120,255,($1.40),
4/9/2015,73040,164,$193.50 ,
4/9/2015,65710,159,($598.16),
4/9/2015,61540,164,($15.98),
4/9/2015,71180,240,$314.29 ,
4/9/2015,71050,267,$445.66 ,
4/9/2015,61540,225,($13.23),
4/9/2015,63050,211,($10.03),
4/9/2015,65760,260,($6.92),
4/9/2015,62550,236,($53.22),
4/9/2015,65550,251,($54.61),
4/9/2015,66100,269,($3.07),
4/9/2015,66080,161,($1.82),
4/9/2015,61550,188,($78.86),
4/9/2015,65550,203,($122.51),
4/9/2015,86320,194,$140.25 ,
4/9/2015,86010,160,$38.07 ,
4/9/2015,61570,257,($89.66),
4/9/2015,82060,172,$343.79 ,
4/9/2015,73050,235,$48.39 ,
4/9/2015,86320,225,$76.50 ,
4/9/2015,73020,222,$104.02 ,
4/9/2015,66130,239,($78.66),
4/9/2015,61510,273,($61.42),
4/9/2015,81200,163,$50.50 ,
4/9/2015,63050,172,($10.77),
4/9/2015,66030,276,($6.03),
4/9/2015,62550,289,($43.54),
4/10/2015,65590,252,($105.24),
4/10/2015,62520,200,($63.18),
4/10/2015,62510,213,($264.10),
4/10/2015,66530,222,($9.60),
4/10/2015,62560,155,($8.13),
4/10/2015,62520,280,($124.95),
4/10/2015,72090,195,"$1,611.19 ",
4/10/2015,66040,261,($16.99),
4/10/2015,84020,181,$276.85 ,
4/10/2015,73030,165,$37.72 ,
4/10/2015,62550,287,($43.54),
4/10/2015,73020,279,$43.31 ,
4/10/2015,61520,298,($183.93),
4/10/2015,66130,201,($68.84),
4/10/2015,66130,281,($96.14),
4/10/2015,66510,168,($70.71),
4/10/2015,82050,177,$9.44 ,
4/10/2015,66130,281,($64.09),
4/10/2015,68060,282,($70.19),
4/10/2015,66130,253,($52.44),
4/10/2015,66520,173,($12.99),
4/10/2015,66130,284,($78.66),
4/10/2015,73030,206,$70.46 ,
4/10/2015,66050,202,($41.47),
4/10/2015,66020,194,($334.18),
4/10/2015,73040,273,$233.64 ,
4/10/2015,73050,230,$51.02 ,
4/10/2015,65570,164,($15.86),
4/10/2015,73010,200,$25.96 ,
4/10/2015,66130,150,($69.92),
4/10/2015,66030,198,($5.54),
4/10/2015,72090,224,"$1,318.25 ",
4/10/2015,72100,231,$137.12 ,
4/10/2015,62010,246,($704.19),
4/10/2015,66530,171,($5.24),
4/10/2015,64000,298,$216.55 ,
4/10/2015,73050,256,$43.45 ,
4/10/2015,86180,178,$30.43 ,
4/10/2015,73050,244,$14.66 ,
4/10/2015,73010,225,$306.04 ,
4/10/2015,66080,204,($1.49),
4/10/2015,64000,287,$179.21 ,
4/10/2015,72150,170,"$2,082.93 ",
4/10/2015,62530,208,($22.41),
4/10/2015,65690,297,($86.31),
4/10/2015,64010,241,$20.52 ,
4/10/2015,71190,199,$8.84 ,
4/10/2015,62540,196,($23.31),
4/10/2015,66040,271,($23.73),
4/10/2015,65700,213,($250.88),
4/10/2015,61530,152,($23.38),
4/10/2015,62020,283,($984.84),
4/10/2015,66120,237,($2.59),
4/10/2015,71160,191,$159.31 ,
4/10/2015,65700,288,($376.32),
4/10/2015,65760,293,($9.12),
4/11/2015,86020,265,$63.10 ,
4/11/2015,72010,220,"$3,636.55 ",
4/11/2015,65600,274,($335.56),
4/11/2015,68060,283,($41.12),
4/11/2015,62520,283,($140.57),
4/11/2015,66070,289,($8.72),
4/11/2015,62099,237,$25.41 ,
4/11/2015,66520,161,($29.36),
4/11/2015,65700,205,($494.02),
4/11/2015,82060,155,$420.18 ,
4/11/2015,66070,254,($13.09),
4/11/2015,65660,234,($62.21),
4/11/2015,66510,293,($86.42),
4/11/2015,65660,223,($82.94),
4/11/2015,66530,178,($8.43),
4/11/2015,86050,198,$139.78 ,
4/11/2015,62099,263,$15.24 ,
4/11/2015,73020,153,$214.42 ,
4/11/2015,86100,277,$123.73 ,
4/11/2015,81100,258,$446.52 ,
4/11/2015,81140,203,$449.82 ,
4/11/2015,61540,179,($9.92),
4/11/2015,68050,187,($0.05),
4/11/2015,65520,177,($7.07),
4/11/2015,65710,156,($398.77),
4/11/2015,73040,218,$191.16 ,
4/11/2015,62010,231,($504.24),
4/11/2015,81020,227,$75.00 ,
4/11/2015,65600,198,($383.42),
4/11/2015,66020,228,($273.42),
4/11/2015,71560,223,($11.85),
4/11/2015,64020,192,$3.14 ,
4/11/2015,65520,291,($4.71),
4/11/2015,66550,211,($129.32),
4/11/2015,62560,256,($9.97),
4/11/2015,66110,203,($0.25),
4/11/2015,66080,202,($2.23),
4/11/2015,65710,220,($487.39),
4/11/2015,66100,201,($4.29),
4/11/2015,65620,193,($33.46),
4/11/2015,65740,254,($376.09),
4/11/2015,72150,237,"$1,788.32 ",
4/11/2015,85510,264,$603.24 ,
4/11/2015,82050,157,$17.30 ,
4/11/2015,72020,248,"$2,380.27 ",
4/11/2015,61560,252,($52.63),
4/11/2015,65540,178,($310.92),
4/11/2015,86010,198,$197.32 ,
4/11/2015,66020,230,($273.42),
4/11/2015,66510,270,($57.62),
4/11/2015,65700,183,($306.63),
4/11/2015,65730,219,($4.56),
4/11/2015,65540,289,($310.92),
4/11/2015,66130,290,($56.32),
4/11/2015,61520,289,($122.19),
4/11/2015,62560,296,($9.97),
4/12/2015,83020,227,$340.08 ,
4/12/2015,65710,214,($428.31),
4/12/2015,65700,247,($306.63),
4/12/2015,65760,295,($8.49),
4/12/2015,66530,285,($5.24),
4/12/2015,73050,207,$4.00 ,
4/12/2015,62520,215,($84.24),
4/12/2015,65610,226,($264.83),
4/12/2015,71310,236,"$2,433.53 ",
4/12/2015,66530,260,($7.85),
4/12/2015,65730,189,($5.57),
4/12/2015,66130,254,($64.09),
4/12/2015,73020,234,$142.26 ,
4/12/2015,66530,165,($5.24),
4/12/2015,72060,254,"$1,122.39 ",
4/12/2015,65540,164,($466.38),
4/12/2015,83010,280,$4.85 ,
4/12/2015,81190,230,$5.78 ,
4/12/2015,61560,165,($78.95),
4/12/2015,62099,196,$15.24 ,
4/12/2015,66520,194,($40.37),
4/12/2015,62520,261,($76.67),
4/12/2015,81050,297,$620.24 ,
4/12/2015,65540,201,($254.39),
4/12/2015,65730,190,($4.56),
4/12/2015,65660,180,($62.21),
4/12/2015,86010,198,$241.17 ,
4/12/2015,64010,233,$27.36 ,
4/12/2015,61520,244,($131.70),
4/12/2015,65660,161,($76.03),
4/12/2015,64000,161,$201.61 ,
4/12/2015,62030,236,($106.00),
4/12/2015,71030,280,$247.05 ,
4/12/2015,62099,182,$16.94 ,
4/12/2015,66550,207,($114.95),
4/12/2015,66010,285,($1.69),
4/12/2015,62560,244,($8.13),
4/12/2015,66520,266,($28.90),
4/12/2015,66090,190,($21.92),
4/12/2015,66020,208,($334.18),
4/12/2015,73050,275,$71.53 ,
4/12/2015,81110,220,$5.20 ,
4/12/2015,62540,273,($15.54),
4/12/2015,64020,167,$3.14 ,
4/12/2015,61570,233,($67.25),
4/12/2015,61530,252,($61.50),
4/12/2015,66070,269,($8.72),
4/12/2015,64000,205,$144.37 ,
4/12/2015,73010,181,$206.86 ,
4/12/2015,86010,294,$4.38 ,
4/12/2015,68050,249,($0.05),
4/12/2015,65660,261,($66.82),
4/12/2015,62510,157,($322.78),
4/12/2015,73050,176,$76.14 ,
4/12/2015,65730,282,($4.22),
4/12/2015,66010,238,($25.63),
4/13/2015,62030,298,($62.10),
4/13/2015,71325,202,($435.21),
4/13/2015,61570,247,($65.44),
4/13/2015,66100,216,($4.29),
4/13/2015,66130,286,($76.31),
4/13/2015,62510,237,($352.13),
4/13/2015,61540,241,($3.09),
4/13/2015,61570,185,($123.29),
4/13/2015,72130,224,"$2,308.13 ",
4/13/2015,61530,226,($50.11),
4/13/2015,66090,212,($24.95),
4/13/2015,81100,248,$545.74 ,
4/13/2015,81900,238,$84.00 ,
4/13/2015,82070,224,$7.22 ,
4/13/2015,62030,272,($75.90),
4/13/2015,66550,156,($105.80),
4/13/2015,61520,239,($149.87),
4/13/2015,66030,204,($3.65),
4/13/2015,66530,294,($36.36),
4/13/2015,73030,191,$168.33 ,
4/13/2015,73040,156,$170.28 ,
4/13/2015,62510,250,($264.10),
4/13/2015,62510,182,($346.69),
4/13/2015,86100,225,$118.11 ,
4/13/2015,86010,277,$218.22 ,
4/13/2015,66130,154,($104.87),
4/13/2015,86330,285,$374.84 ,
4/13/2015,61550,276,($156.38),
4/13/2015,66090,200,($10.80),
4/13/2015,73050,247,$21.99 ,
4/13/2015,61560,274,($52.63),
4/13/2015,62540,201,($13.66),
4/13/2015,68050,265,($0.04),
4/13/2015,61540,253,($18.19),
4/13/2015,86010,174,$110.38 ,
4/13/2015,65520,238,($7.07),
4/13/2015,66100,173,($3.81),
4/13/2015,73030,256,$290.63 ,
4/13/2015,83050,190,$326.24 ,
4/13/2015,68060,282,($57.43),
4/13/2015,81230,261,$16.47 ,
4/13/2015,66110,257,($0.50),
4/13/2015,65730,160,($4.56),
4/13/2015,65520,236,($4.71),
4/13/2015,72100,292,$251.39 ,
4/13/2015,86200,247,$45.70 ,
4/13/2015,65660,150,($62.21),
4/13/2015,62520,235,($93.71),
4/13/2015,66080,223,($1.82),
4/13/2015,65550,252,($149.73),
4/13/2015,66510,209,($19.98),
4/13/2015,66090,195,($20.41),
4/13/2015,65730,241,($9.11),
4/13/2015,62550,270,($87.09),
4/13/2015,66070,187,($8.72),
4/13/2015,61540,217,($12.12),
4/14/2015,61510,166,($61.42),
4/14/2015,65730,166,($5.63),
4/14/2015,65740,273,($501.46),
4/14/2015,61570,236,($109.59),
4/14/2015,73070,259,$55.25 ,
4/14/2015,62510,253,($322.78),
4/14/2015,61510,259,($66.73),
4/14/2015,73020,183,$127.14 ,
4/14/2015,81170,248,$73.89 ,
4/14/2015,64010,227,$20.52 ,
4/14/2015,66020,216,($440.52),
4/14/2015,86010,296,$73.58 ,
4/14/2015,66090,242,($10.80),
4/14/2015,65650,241,($157.51),
4/14/2015,65750,288,($609.54),
4/14/2015,65570,160,($18.04),
4/14/2015,73010,237,$401.56 ,
4/14/2015,64000,274,$164.28 ,
4/14/2015,65760,172,($6.92),
4/14/2015,66030,153,($4.16),
4/14/2015,66030,179,($5.10),
4/14/2015,65690,195,($53.31),
4/14/2015,61570,238,($88.28),
4/14/2015,65750,238,($609.54),
4/14/2015,72140,170,"$1,493.75 ",
4/14/2015,65750,216,($997.43),
4/14/2015,65550,229,($122.51),
4/14/2015,65600,275,($383.42),
4/14/2015,81270,185,$462.82 ,
4/14/2015,65600,262,($255.61),
4/14/2015,65690,204,($65.15),
4/14/2015,65600,242,($255.61),
4/14/2015,61560,266,($105.26),
4/14/2015,86010,292,$60.20 ,
4/14/2015,73010,253,$305.47 ,
4/14/2015,81220,241,$58.39 ,
4/14/2015,81260,287,$32.94 ,
4/14/2015,62530,182,($38.25),
4/14/2015,61510,204,($80.63),
4/14/2015,68060,231,($57.43),
4/14/2015,62530,191,($16.81),
4/14/2015,65570,168,($14.76),
4/14/2015,66520,244,($26.91),
4/14/2015,62030,207,($57.82),
4/14/2015,65750,291,($498.72),
4/14/2015,65740,183,($403.95),
4/14/2015,61510,255,($75.07),
4/14/2015,62010,174,($704.19),
4/14/2015,66550,225,($42.69),
4/14/2015,66120,234,($1.71),
4/14/2015,65710,285,($398.77),
4/14/2015,66550,152,($32.02),
4/14/2015,66050,163,($31.59),
4/14/2015,66550,170,($70.54),
4/14/2015,66120,192,($1.71),
4/14/2015,65550,202,($99.82),
4/15/2015,65690,215,($90.99),
4/15/2015,81130,240,$526.53 ,
4/15/2015,71180,191,($52.65),
4/15/2015,73020,181,$35.17 ,
4/15/2015,81180,206,$375.98 ,
4/15/2015,64020,155,$3.84 ,
4/15/2015,86100,180,$99.86 ,
4/15/2015,61530,261,($23.38),
4/15/2015,68060,289,($38.28),
4/15/2015,62530,258,($50.21),
4/15/2015,73010,200,$20.75 ,
4/15/2015,71200,180,$97.27 ,
4/15/2015,64020,241,$5.77 ,
4/15/2015,62010,152,($384.11),
4/15/2015,65760,165,($10.48),
4/15/2015,66530,275,($7.85),
4/15/2015,62530,248,($75.32),
4/15/2015,71200,255,$118.88 ,
4/15/2015,64020,258,$3.84 ,
4/15/2015,73050,230,$52.49 ,
4/15/2015,65540,249,($500.93),
4/15/2015,61550,199,($234.58),
4/15/2015,66050,165,($21.06),
4/15/2015,86010,214,$9.90 ,
4/15/2015,73050,238,$62.30 ,
4/15/2015,65620,294,($43.93),
4/15/2015,65750,196,($748.08),
4/15/2015,86270,220,$62.43 ,
4/15/2015,65710,211,($487.39),
4/15/2015,86180,162,$24.90 ,
4/15/2015,82050,295,$244.36 ,
4/15/2015,62520,273,($100.65),
4/15/2015,82070,259,$8.83 ,
4/15/2015,65620,295,($40.90),
4/15/2015,83070,279,$198.63 ,
4/15/2015,66510,232,($47.14),
4/15/2015,66040,187,($19.34),
4/15/2015,61520,278,($122.62),
4/15/2015,64000,285,$164.28 ,
4/15/2015,62560,243,($12.19),
4/15/2015,62520,221,($76.67),
4/15/2015,66090,231,($30.62),
4/15/2015,61570,257,($100.87),
4/15/2015,86350,218,$121.39 ,
4/15/2015,68050,242,($0.03),
4/15/2015,66130,178,($64.09),
4/15/2015,65690,243,($79.96),
4/15/2015,65570,166,($14.76),
4/15/2015,65620,278,($44.61),
4/15/2015,86170,251,$9.92 ,
4/15/2015,66110,227,($0.25),
4/15/2015,65700,150,($376.32),
4/15/2015,86010,289,$150.42 ,
4/15/2015,66510,269,($50.63),
4/15/2015,61530,273,($53.82),
4/15/2015,86050,163,$61.01 ,
4/16/2015,62530,156,($46.75),
4/16/2015,65760,224,($5.66),
4/16/2015,82040,196,$22.09 ,
4/16/2015,61570,234,($100.87),
4/16/2015,64010,296,$20.52 ,
4/16/2015,65660,199,($114.05),
4/16/2015,72070,180,"$4,240.02 ",
4/16/2015,72050,227,"$2,244.84 ",
4/16/2015,86330,186,$687.20 ,
4/16/2015,65590,252,($114.81),
4/16/2015,66040,278,($4.19),
4/16/2015,73020,157,$28.78 ,
4/16/2015,65710,152,($731.09),
4/16/2015,62030,289,($106.00),
4/16/2015,66110,197,($0.70),
4/16/2015,62030,202,($70.66),
4/16/2015,61520,198,($183.93),
4/16/2015,66110,292,($0.38),
4/16/2015,65730,164,($5.57),
4/16/2015,62550,182,($65.32),
4/16/2015,61520,177,($122.62),
4/16/2015,66520,206,($33.03),
4/16/2015,71160,243,$33.48 ,
4/16/2015,86010,176,$11.54 ,
4/16/2015,65710,250,($908.78),
4/16/2015,66530,211,($10.47),
4/16/2015,65690,271,($66.17),
4/16/2015,86090,285,$50.00 ,
4/16/2015,65690,298,($49.63),
4/16/2015,66070,297,($8.72),
4/16/2015,65600,235,($255.61),
4/16/2015,86050,295,$91.51 ,
4/16/2015,62530,234,($51.00),
4/16/2015,65600,270,($312.42),
4/16/2015,65740,197,($740.58),
4/16/2015,86450,166,($6.65),
4/16/2015,66130,189,($101.74),
4/16/2015,65540,270,($255.39),
4/16/2015,86010,240,$145.10 ,
4/16/2015,62540,238,($19.08),
4/16/2015,71160,234,$129.81 ,
4/16/2015,66070,157,($13.09),
4/16/2015,86030,220,$2.18 ,
4/16/2015,86180,254,$81.00 ,
4/16/2015,66510,248,($57.62),
4/16/2015,86290,158,$109.74 ,
4/16/2015,62530,228,($38.25),
4/16/2015,86170,209,$8.12 ,
4/16/2015,66510,166,($86.42),
4/16/2015,64000,214,$134.41 ,
4/16/2015,83020,247,$376.30 ,
4/16/2015,66020,229,($102.26),
4/16/2015,83010,167,$77.78 ,
4/16/2015,73040,289,$255.42 ,
4/16/2015,65590,193,($76.54),
4/16/2015,65550,280,($81.67),
4/16/2015,62520,199,($153.35),
4/16/2015,65760,237,($8.49),
4/16/2015,83020,272,$249.01 ,
4/16/2015,62030,266,($57.82),
4/16/2015,68050,177,($0.04),
4/16/2015,62099,291,$16.94 ,
4/16/2015,64010,295,$33.06 ,
4/16/2015,72150,186,"$3,124.40 ",
4/16/2015,65740,150,($612.89),
4/16/2015,86450,268,($49.60),
4/16/2015,66130,173,($52.44),
4/16/2015,86050,254,$49.91 ,
4/16/2015,66520,230,($22.02),
4/16/2015,65650,247,($157.51),
4/16/2015,73010,192,$161.97 ,
4/16/2015,86820,197,$16.84 ,
4/16/2015,62540,165,($23.31),
4/16/2015,82030,240,$6.63 ,
4/16/2015,61540,177,($19.54),
4/16/2015,62520,170,($63.18),
4/16/2015,66510,219,($86.42),
4/16/2015,86130,211,$117.00 ,
4/16/2015,65740,165,($542.89),
4/16/2015,66110,270,($0.46),
4/16/2015,86200,262,$29.50 ,
4/16/2015,66100,245,($4.66),
4/16/2015,62530,235,($38.25),
4/16/2015,61530,155,($75.16),
4/16/2015,66010,154,($27.84),
4/16/2015,81190,286,$3.15 ,
4/16/2015,65590,259,($105.24),
4/16/2015,71070,283,($119.11),
4/16/2015,66020,233,($273.42),
4/16/2015,66050,260,($25.74),
4/16/2015,86020,244,$51.62 ,
4/16/2015,71050,267,$150.56 ,
4/16/2015,61530,155,($61.50),
4/16/2015,65590,190,($70.16),
4/16/2015,86050,173,$89.56 ,
4/16/2015,86030,269,($70.41),
4/16/2015,86200,206,$9.10 ,
4/16/2015,64010,154,$30.78 ,
4/16/2015,84020,279,$185.89 ,
4/16/2015,65570,190,($9.84),
4/16/2015,64010,169,$25.08 ,
4/16/2015,62560,220,($6.65),
4/16/2015,83020,197,$100.00 ,
4/16/2015,65620,162,($29.28),
4/16/2015,86150,157,$43.70 ,
4/16/2015,65600,163,($312.42),
4/16/2015,81230,297,$33.54 ,
4/16/2015,62560,202,($9.01),
4/16/2015,66090,289,($20.41),
4/16/2015,86330,228,$297.74 ,
4/16/2015,61530,255,($41.00),
4/16/2015,86010,236,$52.25 ,
4/16/2015,65660,211,($100.22),
4/16/2015,66050,249,($38.61),
4/16/2015,66510,202,($26.63),
4/16/2015,83010,199,$15.33 ,
4/16/2015,66130,275,($64.09),
4/16/2015,65690,259,($60.66),
4/16/2015,86310,237,$147.69 ,
4/16/2015,66030,205,($4.16),
4/16/2015,62530,197,($46.75),
4/16/2015,61540,171,($14.88),
4/16/2015,66120,174,($2.25),
4/16/2015,65690,205,($74.44),
4/16/2015,66550,297,($86.21),
4/16/2015,62030,268,($8.70),
4/16/2015,73020,226,$262.07 ,
4/16/2015,66020,160,($501.28),
4/16/2015,86030,222,$2.02 ,
4/16/2015,64010,274,$40.41 ,
4/16/2015,86100,191,$177.17 ,
4/16/2015,65700,193,($459.94),
4/16/2015,73010,262,$490.80 ,
4/16/2015,61520,197,($160.97),
4/16/2015,62510,202,($215.19),
4/16/2015,63060,189,$2.00 ,
4/16/2015,62010,208,($756.35),
4/16/2015,62550,174,($27.02),
4/16/2015,61550,190,($208.51),
4/16/2015,86050,297,$69.63 ,
4/16/2015,86040,260,$530.30 ,
4/16/2015,66110,163,($0.41),
4/16/2015,66110,262,($0.31),
4/16/2015,65620,280,($40.90),
4/16/2015,65750,273,($914.31),
4/16/2015,65740,177,($459.67),
4/16/2015,86135,210,"$2,962.96 ",
4/16/2015,62540,253,($12.72),
4/16/2015,65570,185,($16.04),
4/16/2015,65730,219,($6.08),
4/16/2015,82010,206,$465.59 ,
4/16/2015,86100,179,$81.36 ,
4/16/2015,68050,229,($0.05),
4/16/2015,81190,215,$4.73 ,
4/16/2015,66520,270,($17.32),
4/16/2015,65610,168,($18.54),
4/16/2015,86010,207,$28.50 ,
4/16/2015,62530,246,($70.12),
4/16/2015,65540,212,($191.54),
4/16/2015,66520,152,($40.37),
4/16/2015,65650,264,($157.51),
4/16/2015,71020,240,$388.94 ,
4/16/2015,71190,278,$37.11 ,
4/16/2015,61530,284,($80.73),
4/16/2015,65590,237,($57.41),
4/16/2015,65550,244,($99.82),
4/16/2015,68050,190,($0.04),
4/16/2015,65570,281,($18.04),
4/16/2015,61530,265,($75.16),
4/16/2015,61550,232,($191.93),
4/16/2015,71080,172,$16.04 ,
4/16/2015,83030,201,$280.16 ,
4/16/2015,66070,166,($16.00),
4/16/2015,86100,206,$9.77 ,
4/16/2015,73020,219,$173.88 ,
4/16/2015,65610,249,($302.61),
4/16/2015,66120,228,($1.40),
4/16/2015,61560,152,($69.09),
4/16/2015,86270,226,$41.62 ,
4/16/2015,73040,206,$53.46 ,
4/16/2015,84020,273,$151.47 ,
4/16/2015,83060,184,$205.18 ,
4/16/2015,72130,265,"$1,888.47 ",
4/16/2015,86100,223,$24.79 ,
4/16/2015,66110,155,($0.41),
4/16/2015,82060,224,$229.19 ,
4/16/2015,68060,297,($46.79),
4/16/2015,71080,159,$17.37 ,
4/16/2015,61510,233,($40.95),
4/16/2015,65760,285,($5.66),
4/16/2015,62510,275,($283.66),
4/16/2015,81220,261,$38.93 ,
4/17/2015,73020,184,$39.07 ,
4/17/2015,62010,182,($576.16),
4/17/2015,66050,224,($21.06),
4/17/2015,65620,178,($27.26),
4/17/2015,61550,152,($206.15),
4/17/2015,62550,228,($27.02),
4/17/2015,68060,194,($61.68),
4/17/2015,61560,293,($85.77),
4/17/2015,64020,184,$3.14 ,
4/17/2015,66090,238,($32.89),
4/17/2015,71310,286,"$4,461.47 ",
4/17/2015,71080,216,$14.21 ,
4/17/2015,66080,220,($1.82),
4/17/2015,73040,245,$35.64 ,
4/17/2015,65540,271,($310.92),
4/17/2015,66090,228,($14.40),
4/17/2015,86360,226,$5.12 ,
4/17/2015,62560,153,($12.19),
4/17/2015,65550,179,($99.82),
4/17/2015,65570,220,($9.84),
4/17/2015,83070,291,$224.87 ,
4/17/2015,66090,238,($37.42),
4/17/2015,66020,256,($501.28),
4/17/2015,62560,271,($9.97),
4/17/2015,73010,177,$166.19 ,
4/17/2015,73030,184,$38.44 ,
4/17/2015,65570,215,($12.03),
4/17/2015,65760,196,($5.66),
4/17/2015,62520,235,($115.01),
4/17/2015,61530,236,($23.38),
4/17/2015,81200,178,$61.72 ,
4/17/2015,65740,246,($376.09),
4/17/2015,66080,196,($1.96),
4/17/2015,66010,173,($33.64),
4/17/2015,72160,246,"$1,493.62 ",
4/17/2015,65620,236,($23.96),
4/17/2015,73050,225,$23.02 ,
4/17/2015,65730,270,($4.22),
4/17/2015,66030,211,($3.40),
4/17/2015,65520,254,($7.07),
4/17/2015,68060,231,($50.26),
4/17/2015,73020,209,$16.20 ,
4/17/2015,83060,255,$130.26 ,
4/17/2015,65750,271,($914.31),
4/17/2015,65600,210,($60.75),
4/17/2015,65600,283,($468.62),
4/17/2015,64010,213,$20.52 ,
4/17/2015,65540,266,($310.92),
4/17/2015,66120,155,($1.94),
4/17/2015,86010,290,$34.83 ,
4/17/2015,68050,252,($0.04),
4/17/2015,73050,171,$93.45 ,
4/17/2015,85010,274,$124.14 ,
4/17/2015,62560,251,($10.84),
4/17/2015,65590,219,($18.94),
4/17/2015,62550,288,($36.03),
4/18/2015,61520,285,($224.80),
4/18/2015,66080,268,($2.39),
4/18/2015,66030,281,($4.54),
4/18/2015,61540,211,($18.19),
4/18/2015,73010,226,$56.53 ,
4/18/2015,65660,165,($93.31),
4/18/2015,73030,298,$237.79 ,
4/18/2015,82050,244,$366.54 ,
4/18/2015,65660,249,($114.05),
4/18/2015,71550,196,$512.30 ,
4/18/2015,62099,199,$25.41 ,
4/18/2015,66030,167,($3.40),
4/18/2015,62030,193,($86.72),
4/18/2015,61570,204,($100.87),
4/18/2015,81180,224,$250.65 ,
4/18/2015,73050,199,$3.20 ,
4/18/2015,65600,192,($468.62),
4/18/2015,61510,214,($41.27),
4/18/2015,73010,226,$250.40 ,
4/18/2015,61560,220,($64.33),
4/18/2015,61520,156,($224.80),
4/18/2015,86150,185,$29.46 ,
4/18/2015,66040,212,($4.19),
4/18/2015,66120,201,($2.56),
4/18/2015,65520,225,($5.76),
4/18/2015,65750,213,($923.58),
4/18/2015,66090,192,($33.26),
4/18/2015,65570,222,($19.38),
4/18/2015,62510,197,($264.10),
4/18/2015,66080,164,($1.82),
4/18/2015,62540,273,($12.72),
4/18/2015,65760,246,($7.43),
4/18/2015,66530,252,($7.85),
4/18/2015,65760,245,($10.38),
4/18/2015,83010,214,$7.28 ,
4/18/2015,72150,214,"$1,704.22 ",
4/18/2015,62530,164,($16.81),
4/18/2015,73050,295,$78.74 ,
4/18/2015,62020,256,($805.77),
4/18/2015,62520,162,($82.35),
4/18/2015,65750,265,($982.04),
4/18/2015,80990,167,"$1,759.87 ",
4/18/2015,64010,203,$33.44 ,
4/18/2015,66110,244,($0.31),
4/18/2015,62030,158,($93.15),
4/18/2015,61510,249,($55.03),
4/18/2015,66020,291,($538.41),
4/18/2015,65750,203,($609.54),
4/18/2015,86820,196,$20.59 ,
4/18/2015,66080,156,($1.62),
4/18/2015,73020,231,$156.04 ,
4/18/2015,63050,292,($6.68),
4/18/2015,86050,218,$153.92 ,
4/18/2015,81270,247,$377.11 ,
4/18/2015,66530,201,($9.60),
4/18/2015,65660,273,($93.31),
4/19/2015,61540,201,($12.12),
4/19/2015,71240,260,$409.13 ,
4/19/2015,66130,252,($96.14),
4/19/2015,65710,230,($681.59),
4/19/2015,61560,215,($84.79),
4/19/2015,66550,228,($129.32),
4/19/2015,65730,232,($7.43),
4/19/2015,66530,290,($9.60),
4/19/2015,65730,187,($6.83),
4/19/2015,61520,233,($224.80),
4/19/2015,65620,165,($22.31),
4/19/2015,64020,278,$5.77 ,
4/19/2015,65600,183,($383.42),
4/19/2015,66530,163,($5.62),
4/19/2015,65690,163,($86.31),
4/19/2015,65550,245,($54.61),
4/19/2015,65570,246,($14.76),
4/19/2015,64000,186,$246.42 ,
4/19/2015,73020,165,$10.80 ,
4/19/2015,66020,180,($293.68),
4/19/2015,71060,244,$41.45 ,
4/19/2015,66050,291,($35.72),
4/19/2015,62010,259,($576.16),
4/19/2015,68060,210,($51.04),
4/19/2015,66100,184,($5.02),
4/19/2015,65730,154,($8.35),
4/19/2015,73020,158,$19.19 ,
4/19/2015,66020,268,($273.42),
4/19/2015,86010,290,$14.16 ,
4/19/2015,66110,154,($0.33),
4/19/2015,66040,193,($15.82),
4/19/2015,72160,237,"$1,222.06 ",
4/19/2015,65650,214,($236.27),
4/19/2015,71190,285,$45.54 ,
4/19/2015,61530,150,($61.50),
4/19/2015,86360,285,$3.42 ,
4/19/2015,72120,221,"$3,624.03 ",
4/19/2015,66550,191,($138.90),
4/19/2015,68050,288,($0.04),
4/19/2015,61560,252,($52.63),
4/19/2015,63050,176,($12.25),
4/19/2015,83020,275,$132.00 ,
4/19/2015,62540,218,($15.54),
4/19/2015,86030,167,($86.06),
4/19/2015,82070,284,$5.89 ,
4/19/2015,66090,178,($37.42),
4/19/2015,86100,283,$11.95 ,
4/19/2015,72040,296,$422.36 ,
4/19/2015,61550,286,($137.43),
4/19/2015,71030,248,$164.70 ,
4/19/2015,66020,271,($410.14),
4/19/2015,73020,152,$28.88 ,
4/19/2015,82060,292,$76.64 ,
4/19/2015,61560,182,($96.49),
4/19/2015,86100,287,$96.64 ,
4/19/2015,73010,266,$69.09 ,
4/20/2015,63050,218,($6.68),
4/20/2015,61560,231,($64.33),
4/20/2015,66010,164,($20.88),
4/20/2015,86030,158,($105.62),
4/20/2015,65520,159,($7.07),
4/20/2015,64010,286,$25.08 ,
4/20/2015,65760,221,($6.08),
4/20/2015,61570,234,($65.44),
4/20/2015,83010,274,$3.97 ,
4/20/2015,65690,216,($49.63),
4/20/2015,66120,252,($1.86),
4/20/2015,72050,255,"$1,836.69 ",
4/20/2015,61560,206,($78.95),
4/20/2015,65760,158,($6.92),
4/20/2015,68050,266,($0.03),
4/20/2015,66010,234,($20.88),
4/20/2015,66050,260,($34.32),
4/20/2015,61570,188,($82.19),
4/20/2015,66530,186,($5.24),
4/20/2015,72040,260,$526.40 ,
4/20/2015,61570,259,($132.42),
4/20/2015,73050,217,$59.14 ,
4/20/2015,62099,261,$22.24 ,
4/20/2015,65730,279,($4.56),
4/20/2015,61570,257,($65.44),
4/20/2015,62010,201,($469.46),
4/20/2015,85510,282,$740.34 ,
4/20/2015,62530,295,($57.37),
4/20/2015,66050,273,($25.74),
4/20/2015,66130,284,($96.14),
4/20/2015,65590,276,($18.94),
4/20/2015,64020,159,$5.77 ,
4/20/2015,66100,159,($5.24),
4/20/2015,71010,188,$753.95 ,
4/20/2015,86100,295,$22.14 ,
4/20/2015,84020,207,$226.51 ,
4/20/2015,81270,198,$565.67 ,
4/20/2015,71560,182,$132.00 ,
4/20/2015,66530,265,($7.85),
4/20/2015,66050,182,($25.74),
4/20/2015,73010,189,$112.86 ,
4/20/2015,66510,198,($86.42),
4/20/2015,65550,274,($163.34),
4/20/2015,86130,182,$143.00 ,
4/20/2015,65590,198,($86.11),
4/20/2015,81270,177,$308.55 ,
4/20/2015,62099,192,$20.71 ,
4/20/2015,61550,182,($234.58),
4/20/2015,66520,233,($33.03),
4/20/2015,63050,193,($13.37),
4/20/2015,82060,189,$280.12 ,
4/20/2015,72070,246,"$2,183.85 ",
4/20/2015,86200,224,$24.13 ,
4/20/2015,61520,241,($163.49),
4/20/2015,64000,244,$201.61 ,
4/20/2015,65730,212,($6.83),
4/21/2015,86290,182,$89.42 ,
4/21/2015,66010,238,($17.08),
4/21/2015,62020,186,($984.84),
4/21/2015,86040,287,$972.22 ,
4/21/2015,63050,278,($8.17),
4/21/2015,65750,285,($748.08),
4/21/2015,61510,291,($81.89),
4/21/2015,86360,259,$4.18 ,
4/21/2015,66070,189,($17.18),
4/21/2015,62010,269,($625.95),
4/21/2015,65520,232,($4.71),
4/21/2015,64020,154,$4.72 ,
4/21/2015,73030,216,$610.81 ,
4/21/2015,61570,205,($67.25),
4/21/2015,66090,231,($20.41),
4/21/2015,65520,164,($5.76),
4/21/2015,61510,295,($40.95),
4/21/2015,66030,232,($6.70),
4/21/2015,62520,172,($93.71),
4/21/2015,72130,276,"$1,258.98 ",
4/21/2015,62020,179,($656.56),
4/21/2015,66030,196,($6.80),
4/21/2015,71325,192,($356.08),
4/21/2015,66530,238,($6.40),
4/21/2015,66010,194,($2.25),
4/21/2015,65520,295,($5.76),
4/21/2015,61560,201,($4.14),
4/21/2015,72010,290,"$2,917.89 ",
4/21/2015,62020,239,($537.18),
4/21/2015,66080,156,($1.49),
4/21/2015,86200,202,$6.07 ,
4/21/2015,86290,232,$352.99 ,
4/21/2015,86280,164,$21.11 ,
4/21/2015,72060,255,"$2,701.26 ",
4/21/2015,71170,161,$370.14 ,
4/21/2015,72999,251,($299.45),
4/21/2015,62520,297,($123.53),
4/21/2015,61530,275,($50.11),
4/21/2015,65730,209,($6.83),
4/21/2015,66520,271,($26.91),
4/21/2015,66010,194,($31.32),
4/21/2015,65600,268,($511.22),
4/21/2015,65550,276,($99.82),
4/21/2015,62550,222,($43.54),
4/21/2015,66010,188,($34.17),
4/21/2015,62520,247,($115.01),
4/21/2015,61570,169,($67.25),
4/21/2015,81090,257,$87.34 ,
4/21/2015,61520,221,($245.24),
4/21/2015,65730,190,($5.57),
4/21/2015,61530,202,($61.50),
4/21/2015,72070,168,"$3,469.11 ",
4/21/2015,66070,210,($10.66),
4/21/2015,65690,204,($60.66),
4/21/2015,66110,196,($0.25),
4/21/2015,61540,158,($18.19),
4/22/2015,73020,182,$13.20 ,
4/22/2015,65690,177,($49.63),
4/22/2015,65650,280,($310.16),
4/22/2015,71010,265,"$1,289.73 ",
4/22/2015,66070,262,($11.45),
4/22/2015,66020,288,($410.14),
4/22/2015,73020,212,$111.01 ,
4/22/2015,73050,151,$12.56 ,
4/22/2015,65740,294,($459.67),
4/22/2015,65740,287,($564.14),
4/22/2015,86040,243,$445.37 ,
4/22/2015,64020,246,$9.04 ,
4/22/2015,66120,250,($2.10),
4/22/2015,65750,235,($748.08),
4/22/2015,66010,267,($20.88),
4/22/2015,65620,195,($33.46),
4/22/2015,81350,272,$11.79 ,
4/22/2015,65610,159,($246.57),
4/22/2015,64010,244,$41.04 ,
4/22/2015,71299,292,($13.95),
4/22/2015,66090,201,($37.42),
4/22/2015,66010,155,($22.78),
4/22/2015,62099,250,$31.06 ,
4/22/2015,86135,156,"$2,424.24 ",
4/22/2015,62030,226,($57.82),
4/22/2015,61530,241,($61.50),
4/22/2015,65740,192,($376.09),
4/22/2015,66010,273,($1.69),
4/22/2015,72040,200,$789.60 ,
4/22/2015,65550,162,($81.67),
4/22/2015,81090,274,$205.34 ,
4/22/2015,62010,209,($704.19),
4/22/2015,61540,223,($19.84),
4/22/2015,65750,279,($692.68),
4/22/2015,73010,181,$37.69 ,
4/22/2015,62099,272,$33.36 ,
4/22/2015,73010,216,$327.20 ,
4/22/2015,82010,241,$253.96 ,
4/22/2015,66550,238,($129.32),
4/22/2015,72050,269,"$1,224.46 ",
4/22/2015,61550,291,($156.38),
4/22/2015,65700,284,($501.76),
4/22/2015,62550,198,($58.06),
4/22/2015,71030,212,$201.30 ,
4/22/2015,65600,246,($468.62),
4/22/2015,66070,213,($9.37),
4/22/2015,65730,175,($5.57),
4/22/2015,73040,266,$40.50 ,
4/22/2015,81350,242,$12.71 ,
4/22/2015,61540,160,($12.12),
4/22/2015,62510,190,($176.06),
4/22/2015,73010,287,$249.28 ,
4/22/2015,65690,237,($49.63),
4/22/2015,65600,166,($411.82),
4/22/2015,84020,190,$227.20 ,
4/22/2015,63050,229,($8.91),
4/23/2015,65520,170,($9.43),
4/23/2015,65660,168,($122.50),
4/23/2015,65550,197,($122.51),
4/23/2015,62010,195,($384.11),
4/23/2015,82050,264,$11.53 ,
4/23/2015,65550,222,($81.67),
4/23/2015,64010,218,$37.62 ,
4/23/2015,81900,214,$179.28 ,
4/23/2015,66080,154,($2.23),
4/23/2015,62020,278,($705.19),
4/23/2015,62530,293,($61.62),
4/23/2015,73050,171,$26.87 ,
4/23/2015,65540,263,($409.85),
4/23/2015,65590,178,($75.36),
4/23/2015,61540,190,($2.32),
4/23/2015,62510,186,($322.78),
4/23/2015,64000,153,$201.61 ,
4/23/2015,71240,170,$389.83 ,
4/23/2015,83050,297,$302.91 ,
4/23/2015,85510,298,$493.56 ,
4/23/2015,62560,268,($12.19),
4/23/2015,86450,213,($8.16),
4/23/2015,71200,203,$145.90 ,
4/23/2015,86450,277,($9.97),
4/23/2015,66070,265,($10.66),
4/23/2015,64000,170,$164.28 ,
4/23/2015,65550,267,($122.51),
4/23/2015,65660,225,($76.03),
4/23/2015,66550,234,($70.54),
4/23/2015,61540,170,($2.32),
4/23/2015,65620,169,($40.90),
4/23/2015,66100,156,($2.86),
4/23/2015,81210,164,$409.69 ,
4/23/2015,66040,220,($21.09),
4/23/2015,65590,271,($70.16),
4/23/2015,66010,226,($20.88),
4/23/2015,65710,298,($598.16),
4/23/2015,73030,174,$158.53 ,
4/23/2015,66110,265,($0.31),
4/23/2015,66040,194,($15.82),
4/23/2015,65520,230,($7.07),
4/23/2015,61560,262,($78.95),
4/23/2015,65540,282,($381.59),
4/23/2015,71060,161,$33.91 ,
4/23/2015,73060,214,$2.50 ,
4/23/2015,64020,224,$5.77 ,
4/23/2015,72090,165,"$1,074.13 ",
4/23/2015,66510,162,($57.62),
4/23/2015,80990,263,"$1,528.71 ",
4/23/2015,62030,249,($113.85),
4/23/2015,65690,223,($115.08),
4/23/2015,62550,235,($79.83),
4/23/2015,65540,286,($273.23),
4/23/2015,65550,262,($149.73),
4/23/2015,65710,177,($681.59),
4/23/2015,61570,217,($87.25),
4/23/2015,86100,200,$176.02 ,
4/23/2015,81270,251,$230.45 ,
4/23/2015,62010,176,($469.46),
4/23/2015,65570,202,($14.76),
4/23/2015,61570,171,($100.87),
4/23/2015,66010,241,($25.63),
4/23/2015,65760,271,($10.38),
4/23/2015,65740,290,($564.14),
4/23/2015,65600,202,($383.42),
4/23/2015,72999,237,($218.25),
4/23/2015,65610,294,($13.91),
4/23/2015,65740,163,($564.14),
4/23/2015,66120,236,($1.94),
4/23/2015,62540,296,($19.08),
4/23/2015,62030,196,($115.63),
4/23/2015,65710,254,($731.09),
4/23/2015,61560,209,($96.49),
4/23/2015,81350,246,$8.47 ,
4/23/2015,65520,218,($8.64),
4/23/2015,64010,252,$37.62 ,
4/23/2015,72999,268,($244.00),
4/23/2015,66040,165,($23.73),
4/23/2015,62550,296,($53.22),
4/23/2015,66040,240,($15.82),
4/23/2015,66510,232,($70.71),
4/23/2015,65730,263,($8.35),
4/23/2015,65610,179,($369.85),
4/23/2015,65590,285,($105.24),
4/23/2015,62560,271,($10.71),
4/23/2015,66030,270,($4.47),
4/23/2015,86100,197,($0.06),
4/23/2015,64000,193,$201.61 ,
4/23/2015,66050,242,($21.06),
4/23/2015,86050,180,$59.71 ,
4/23/2015,61510,191,($40.95),
4/23/2015,65650,293,($288.77),
4/23/2015,66120,247,($2.56),
4/23/2015,65550,186,($133.10),
4/23/2015,86050,163,$91.25 ,
4/23/2015,61530,241,($66.81),
4/23/2015,73030,171,$153.96 ,
4/23/2015,71190,156,$55.66 ,
4/23/2015,71180,222,$171.43 ,
4/23/2015,66090,201,($10.80),
4/23/2015,61550,163,($78.86),
4/23/2015,72060,158,"$1,473.42 ",
4/23/2015,83020,243,$166.01 ,
4/23/2015,66130,263,($84.48),
4/23/2015,66130,257,($52.44),
4/23/2015,62010,270,($488.41),
4/23/2015,86150,186,$36.00 ,
4/23/2015,71299,264,($28.21),
4/23/2015,65570,230,($10.57),
4/23/2015,66080,238,($1.22),
4/23/2015,86420,174,$94.84 ,
4/23/2015,65760,166,($5.66),
4/23/2015,64020,251,$3.84 ,
4/23/2015,61560,157,($56.53),
4/23/2015,71160,163,$106.21 ,
4/23/2015,73020,187,$45.18 ,
4/23/2015,65710,165,($598.16),
4/23/2015,65540,191,($254.39),
4/23/2015,71010,181,"$1,934.60 ",
4/23/2015,68060,249,($38.28),
4/23/2015,66550,176,($70.54),
4/23/2015,62030,228,($57.82),
4/23/2015,73050,291,$42.95 ,
4/23/2015,66020,274,($334.18),
4/23/2015,65650,298,($315.03),
4/23/2015,66110,166,($0.31),
4/23/2015,62550,216,($70.15),
4/23/2015,66090,173,($26.80),
4/23/2015,65540,159,($254.39),
4/23/2015,68050,154,($0.06),
4/23/2015,65540,265,($339.19),
4/23/2015,73010,186,$46.06 ,
4/23/2015,65610,259,($201.74),
4/23/2015,86820,227,$25.27 ,
4/23/2015,65540,181,($333.95),
4/23/2015,66550,153,($129.32),
4/23/2015,65570,222,($12.03),
4/23/2015,68060,273,($70.19),
4/23/2015,86030,213,$3.03 ,
4/23/2015,65730,232,($4.89),
4/23/2015,66020,196,($334.18),
4/23/2015,63050,274,($6.68),
4/23/2015,71020,206,$370.62 ,
4/23/2015,72050,153,"$1,496.56 ",
4/23/2015,62020,212,"($1,074.37)",
4/23/2015,65610,213,($201.74),
4/23/2015,61530,253,($50.11),
4/23/2015,64000,197,$134.41 ,
4/23/2015,82050,206,$4.88 ,
4/23/2015,65710,227,($487.39),
4/23/2015,65690,248,($49.63),
4/23/2015,65740,296,($689.51),
4/23/2015,86290,161,$288.81 ,
4/23/2015,66510,214,($75.95),
4/23/2015,66100,297,($5.24),
4/23/2015,61550,206,($191.93),
4/23/2015,83020,189,$108.00 ,
4/23/2015,64010,162,$37.62 ,
4/23/2015,62520,203,($102.23),
4/23/2015,73050,233,$19.28 ,
4/23/2015,65540,280,($254.39),
4/23/2015,62020,197,($305.65),
4/23/2015,86820,277,$30.88 ,
4/23/2015,65730,212,($5.57),
4/23/2015,63050,218,($8.17),
4/23/2015,65570,220,($9.84),
4/23/2015,62030,153,($70.66),
4/23/2015,66530,256,($36.36),
4/23/2015,66050,176,($27.65),
4/23/2015,63060,281,$2.66 ,
4/23/2015,68060,185,($46.79),
4/23/2015,71550,255,$417.43 ,
4/23/2015,66520,296,($43.36),
4/23/2015,65760,294,($10.38),
4/23/2015,63050,207,($8.17),
4/23/2015,86130,177,$175.50 ,
4/23/2015,73010,269,$267.71 ,
4/23/2015,66520,282,($26.91),
4/23/2015,64010,281,$22.04 ,
4/23/2015,66110,213,($0.46),
4/23/2015,65750,288,($664.95),
4/23/2015,62099,271,$15.24 ,
4/23/2015,73020,177,$10.50 ,
4/23/2015,86330,193,$458.13 ,
4/23/2015,62520,150,($93.71),
4/23/2015,81900,205,$146.69 ,
4/23/2015,64010,263,$25.08 ,
4/23/2015,71310,290,"$1,670.14 ",
4/23/2015,72140,220,"$1,222.16 ",
4/23/2015,65760,175,($7.86),
4/23/2015,73050,200,$17.91 ,
4/23/2015,71010,205,"$2,364.51 ",
4/24/2015,65690,198,($99.26),
4/24/2015,86010,237,$217.65 ,
4/24/2015,73010,230,$210.38 ,
4/24/2015,86200,224,$44.24 ,
4/24/2015,68050,285,($0.05),
4/24/2015,66130,229,($96.14),
4/24/2015,65750,156,($748.08),
4/24/2015,65520,218,($4.71),
4/24/2015,86040,258,$318.17 ,
4/24/2015,68060,183,($46.79),
4/24/2015,64010,230,$30.78 ,
4/24/2015,73010,171,$203.12 ,
4/24/2015,66520,200,($22.02),
4/24/2015,64010,241,$15.81 ,
4/24/2015,61520,288,($149.87),
4/24/2015,61520,243,($162.92),
4/24/2015,61510,174,($61.42),
4/24/2015,72110,191,"$3,669.82 ",
4/24/2015,66100,161,($4.29),
4/24/2015,66130,198,($52.44),
4/24/2015,81180,287,$984.06 ,
4/24/2015,66510,297,($62.85),
4/24/2015,86450,196,($5.44),
4/24/2015,66080,196,($1.49),
4/24/2015,86040,233,$388.88 ,
4/24/2015,73040,171,$166.32 ,
4/24/2015,72020,254,"$1,547.92 ",
4/24/2015,73010,257,$31.86 ,
4/24/2015,86020,247,$42.06 ,
4/24/2015,62550,225,($79.83),
4/24/2015,65690,169,($60.66),
4/24/2015,66520,243,($12.99),
4/24/2015,61550,256,($127.95),
4/24/2015,62560,252,($9.97),
4/24/2015,81280,182,$107.09 ,
4/24/2015,68060,189,($53.17),
4/24/2015,65590,177,($18.94),
4/24/2015,63050,252,($10.03),
4/24/2015,66080,205,($1.31),
4/24/2015,62020,246,($984.84),
4/24/2015,66070,246,($13.09),
4/24/2015,66110,244,($0.25),
4/24/2015,65740,247,($689.51),
4/24/2015,62510,196,($116.14),
4/24/2015,65520,225,($6.19),
4/24/2015,86010,282,$90.31 ,
4/24/2015,66550,190,($141.08),
4/24/2015,66040,234,($23.73),
4/24/2015,62520,252,($150.98),
4/24/2015,71070,154,($97.05),
4/24/2015,65590,279,($86.11),
4/24/2015,61540,254,($10.66),
4/24/2015,82010,218,$167.93 ,
4/24/2015,62550,182,($79.83),
4/24/2015,86100,276,($0.05),
4/24/2015,64020,166,$5.07 ,
4/25/2015,65570,193,($19.68),
4/25/2015,73040,285,$350.46 ,
4/25/2015,65660,189,($62.21),
4/25/2015,66030,211,($6.03),
4/25/2015,65750,271,($498.72),
4/25/2015,66100,274,($5.02),
4/25/2015,61560,260,($52.63),
4/25/2015,73030,280,$548.75 ,
4/25/2015,65620,252,($33.46),
4/25/2015,65740,178,($689.51),
4/25/2015,65700,191,($306.63),
4/25/2015,61560,229,($64.33),
4/25/2015,62510,167,($176.06),
4/25/2015,73050,160,$72.58 ,
4/25/2015,65610,187,($369.85),
4/25/2015,65710,160,($398.77),
4/25/2015,65600,237,($383.42),
4/25/2015,86100,266,$80.73 ,
4/25/2015,84020,223,$123.93 ,
4/25/2015,62530,228,($46.75),
4/25/2015,62550,156,($70.96),
4/25/2015,66110,276,($0.50),
4/25/2015,61530,255,($41.00),
4/25/2015,61560,198,($103.64),
4/25/2015,62530,180,($38.25),
4/25/2015,81210,168,$333.82 ,
4/25/2015,73040,223,$208.98 ,
4/25/2015,71180,183,$209.53 ,
4/25/2015,62530,185,($57.37),
4/25/2015,72160,295,"$2,240.44 ",
4/25/2015,62550,188,($65.32),
4/25/2015,65730,165,($8.97),
4/25/2015,65710,167,($731.09),
4/25/2015,65730,276,($6.83),
4/25/2015,65600,291,($468.62),
4/25/2015,71560,283,$72.00 ,
4/25/2015,61530,183,($81.99),
4/25/2015,81210,254,$500.74 ,
4/25/2015,68060,267,($38.28),
4/25/2015,66080,216,($1.60),
4/25/2015,61510,190,($50.05),
4/25/2015,61550,236,($234.58),
4/25/2015,66050,249,($38.61),
4/25/2015,73070,214,$15.79 ,
4/25/2015,72120,286,"$2,952.91 ",
4/25/2015,66550,161,($86.21),
4/25/2015,68060,204,($75.39),
4/25/2015,72090,294,$719.72 ,
4/25/2015,66110,197,($0.70),
4/25/2015,65600,280,($81.00),
4/25/2015,66520,244,($44.03),
4/25/2015,83060,188,$111.92 ,
4/25/2015,64010,188,$30.78 ,
4/25/2015,65650,188,($236.27),
4/25/2015,66010,176,($25.63),
4/25/2015,65660,268,($14.31),
4/26/2015,65620,166,($22.31),
4/26/2015,66040,263,($29.00),
4/26/2015,61550,211,($234.58),
4/26/2015,65540,297,($191.54),
4/26/2015,66110,287,($0.93),
4/26/2015,61510,282,($40.95),
4/26/2015,64000,269,$134.41 ,
4/26/2015,66550,258,($105.80),
4/26/2015,62099,258,$16.94 ,
4/26/2015,65760,265,($6.92),
4/26/2015,65520,245,($5.06),
4/26/2015,65570,186,($12.03),
4/26/2015,73010,296,$87.53 ,
4/26/2015,86050,259,$102.62 ,
4/26/2015,62530,274,($46.75),
4/26/2015,66010,209,($27.52),
4/26/2015,61510,297,($50.05),
4/26/2015,68060,234,($70.19),
4/26/2015,81230,223,$20.13 ,
4/26/2015,68050,278,($0.03),
4/26/2015,66070,237,($11.63),
4/26/2015,65590,186,($57.41),
4/26/2015,85010,293,$134.07 ,
4/26/2015,68050,225,($0.04),
4/26/2015,71560,190,$225.99 ,
4/26/2015,66100,262,($3.49),
4/26/2015,73030,226,$30.86 ,
4/26/2015,65750,154,($609.54),
4/26/2015,65590,265,($70.16),
4/26/2015,72060,290,"$2,210.13 ",
4/26/2015,86200,181,$35.46 ,
4/26/2015,66090,196,($30.62),
4/26/2015,61520,284,($122.19),
4/26/2015,65750,205,($609.54),
4/26/2015,62030,263,($70.66),
4/26/2015,66100,163,($2.86),
4/26/2015,82070,286,$102.84 ,
4/26/2015,65750,264,($498.72),
4/26/2015,71325,251,($383.22),
4/26/2015,62010,186,($469.46),
4/26/2015,66010,168,($22.43),
4/26/2015,68060,234,($38.28),
4/26/2015,68050,223,($0.05),
4/26/2015,86290,267,$110.38 ,
4/26/2015,73020,283,$115.92 ,
4/26/2015,86350,160,$99.32 ,
4/26/2015,72060,282,"$1,800.84 ",
4/26/2015,61510,209,($41.27),
4/26/2015,65590,251,($57.41),
4/26/2015,65620,247,($22.31),
4/26/2015,63050,167,($7.18),
4/26/2015,71170,264,$555.20 ,
4/26/2015,68050,289,($0.04),
4/26/2015,64000,183,$201.61 ,
4/26/2015,66530,192,($10.31),
4/26/2015,73010,162,$38.94 ,
4/27/2015,73010,179,$204.03 ,
4/27/2015,64010,241,$20.52 ,
4/27/2015,61510,249,($50.05),
4/27/2015,62550,184,($65.32),
4/27/2015,80990,277,"$2,159.85 ",
4/27/2015,61520,164,($122.19),
4/27/2015,65660,282,($114.05),
4/27/2015,66010,205,($31.32),
4/27/2015,66120,282,($2.10),
4/27/2015,64000,247,$153.63 ,
4/27/2015,61540,254,($14.88),
4/27/2015,66030,225,($6.24),
4/27/2015,65520,200,($7.60),
4/27/2015,81170,209,$40.30 ,
4/27/2015,65610,244,($369.85),
4/27/2015,81200,278,$9.24 ,
4/27/2015,66030,164,($6.24),
4/27/2015,66520,213,($33.03),
4/27/2015,63050,157,($12.25),
4/27/2015,61530,199,($41.00),
4/27/2015,66020,271,($501.28),
4/27/2015,66510,178,($70.71),
4/27/2015,65760,236,($6.92),
4/27/2015,86100,274,$66.57 ,
4/27/2015,65740,169,($605.93),
4/27/2015,65550,224,($87.72),
4/27/2015,64000,230,$164.28 ,
4/27/2015,82040,240,$18.07 ,
4/27/2015,71325,153,($652.82),
4/27/2015,61550,161,($251.96),
4/27/2015,73030,271,$188.95 ,
4/27/2015,65610,209,($268.98),
4/27/2015,65570,250,($9.84),
4/27/2015,66530,164,($36.36),
4/27/2015,62550,236,($85.74),
4/27/2015,65760,220,($11.32),
4/27/2015,66030,195,($3.40),
4/27/2015,62010,246,($576.16),
4/27/2015,73060,153,$9.41 ,
4/27/2015,62530,170,($16.81),
4/27/2015,66110,244,($0.46),
4/27/2015,73020,283,$58.60 ,
4/27/2015,62020,249,($537.18),
4/27/2015,62540,276,($23.31),
4/27/2015,61560,161,($96.49),
4/27/2015,86150,223,$54.00 ,
4/27/2015,62530,213,($70.12),
4/27/2015,73050,164,$18.84 ,
4/27/2015,86140,222,$1.25 ,
4/27/2015,65740,236,($459.67),
4/27/2015,81220,280,$47.78 ,
4/27/2015,65740,154,($376.09),
4/27/2015,65750,182,($498.72),
4/27/2015,65590,193,($57.41),
4/27/2015,72010,152,"$4,376.83 ",
4/27/2015,63060,199,$2.00 ,
4/28/2015,66130,206,($78.66),
4/28/2015,62510,199,($189.11),
4/28/2015,66050,169,($25.74),
4/28/2015,73030,298,$193.75 ,
4/28/2015,62520,164,($76.67),
4/28/2015,65540,261,($381.59),
4/28/2015,66090,295,($30.62),
4/28/2015,66520,276,($26.91),
4/28/2015,66090,254,($20.41),
4/28/2015,62550,167,($53.22),
4/28/2015,66530,233,($6.40),
4/28/2015,86130,218,$214.50 ,
4/28/2015,66120,280,($1.40),
4/28/2015,83020,151,$88.00 ,
4/28/2015,65750,279,($803.49),
4/28/2015,62020,268,($305.65),
4/28/2015,73050,161,$6.96 ,
4/28/2015,62510,214,($215.19),
4/28/2015,66100,267,($5.63),
4/28/2015,66080,290,($1.22),
4/28/2015,63050,252,($12.25),
4/28/2015,66030,279,($6.24),
4/28/2015,62099,282,$20.32 ,
4/28/2015,65740,164,($723.85),
4/28/2015,66520,267,($22.02),
4/28/2015,68050,231,($0.03),
4/28/2015,62030,274,($86.72),
4/28/2015,73010,290,$304.67 ,
4/28/2015,62550,271,($43.54),
4/28/2015,61540,212,($9.92),
4/28/2015,65540,256,($466.38),
4/28/2015,65710,251,($523.49),
4/28/2015,65750,212,($692.68),
4/28/2015,66010,185,($31.32),
4/28/2015,72020,266,"$3,570.40 ",
4/28/2015,66510,204,($92.83),
4/28/2015,86180,163,$37.35 ,
4/28/2015,86270,280,$49.45 ,
4/28/2015,66530,188,($6.87),
4/28/2015,65610,182,($246.57),
4/28/2015,66120,158,($1.40),
4/28/2015,66110,271,($0.33),
4/28/2015,64020,240,$3.14 ,
4/28/2015,66120,269,($2.10),
4/28/2015,86150,255,$44.18 ,
4/28/2015,61510,272,($65.97),
4/28/2015,86020,181,$34.30 ,
4/28/2015,65650,248,($236.27),
4/28/2015,83010,230,$22.99 ,
4/28/2015,66550,252,($86.21),
4/28/2015,68060,156,($57.43),
4/28/2015,61550,274,($170.60),
4/28/2015,66050,248,($28.08),
4/28/2015,73020,157,$19.80 ,
4/28/2015,71060,207,$50.87 ,
4/28/2015,66100,202,($3.49),
4/29/2015,86040,260,"$2,477.85 ",
4/29/2015,65650,291,($157.51),
4/29/2015,86290,244,$73.16 ,
4/29/2015,65590,186,($105.24),
4/29/2015,65740,250,($459.67),
4/29/2015,62520,192,($140.57),
4/29/2015,66550,150,($32.02),
4/29/2015,61570,278,($72.23),
4/29/2015,72150,187,"$2,556.32 ",
4/29/2015,65730,284,($8.35),
4/29/2015,62530,276,($70.12),
4/29/2015,65660,216,($10.73),
4/29/2015,61540,198,($14.88),
4/29/2015,66550,259,($94.05),
4/29/2015,65650,162,($206.78),
4/29/2015,73010,261,$200.46 ,
4/29/2015,86030,174,($129.09),
4/29/2015,81100,221,$363.83 ,
4/29/2015,66080,213,($1.22),
4/29/2015,65550,238,($81.67),
4/29/2015,80990,225,"$1,439.90 ",
4/29/2015,62010,162,($704.19),
4/29/2015,61540,284,($14.88),
4/29/2015,65760,150,($7.55),
4/29/2015,66100,163,($3.49),
4/29/2015,65610,201,($325.02),
4/29/2015,66020,152,($546.85),
4/29/2015,73070,286,$31.57 ,
4/29/2015,65660,282,($76.03),
4/29/2015,61520,249,($149.87),
4/29/2015,62510,185,($176.06),
4/29/2015,86040,186,$795.45 ,
4/29/2015,65550,243,($160.83),
4/29/2015,61540,151,($12.12),
4/29/2015,63050,155,($10.03),
4/29/2015,66080,197,($2.43),
4/29/2015,66130,274,($78.66),
4/29/2015,66100,242,($5.24),
4/29/2015,86290,268,$56.81 ,
4/29/2015,66090,230,($40.19),
4/29/2015,62510,216,($231.13),
4/29/2015,83050,217,$398.73 ,
4/29/2015,68050,293,($0.06),
4/29/2015,65600,269,($340.82),
4/29/2015,61570,275,($134.50),
4/29/2015,61560,263,($78.95),
4/29/2015,65610,264,($302.61),
4/29/2015,65650,176,($256.69),
4/29/2015,62020,245,($656.56),
4/29/2015,66020,225,($410.14),
4/29/2015,65590,161,($57.41),
4/29/2015,66010,241,($1.69),
4/29/2015,66530,274,($6.40),
4/29/2015,72140,263,$995.83 ,
4/29/2015,81280,163,$131.43 ,
4/29/2015,62010,248,($768.21),
4/30/2015,73010,264,$92.34 ,
4/30/2015,73010,268,$21.24 ,
4/30/2015,65610,216,($13.91),
4/30/2015,66050,220,($31.59),
4/30/2015,66090,177,($37.42),
4/30/2015,64020,198,$9.04 ,
4/30/2015,62540,246,($12.72),
4/30/2015,66010,198,($20.88),
4/30/2015,68060,183,($70.19),
4/30/2015,65550,236,($122.51),
4/30/2015,65610,282,($246.57),
4/30/2015,62020,153,($865.46),
4/30/2015,86100,184,$322.70 ,
4/30/2015,66090,196,($24.95),
4/30/2015,66520,203,($33.03),
4/30/2015,65750,154,($914.31),
4/30/2015,65710,254,($398.77),
4/30/2015,65710,188,($531.70),
4/30/2015,66550,287,($105.80),
4/30/2015,65600,295,($60.75),
4/30/2015,65660,229,($76.03),
4/30/2015,65570,170,($12.92),
4/30/2015,65730,217,($6.83),
4/30/2015,61520,265,($199.83),
4/30/2015,62560,210,($13.09),
4/30/2015,62099,231,$31.06 ,
4/30/2015,81170,238,$60.45 ,
4/30/2015,66080,185,($2.23),
4/30/2015,65760,259,($9.22),
4/30/2015,65730,162,($7.34),
4/30/2015,65700,171,($213.26),
4/30/2015,65650,270,($169.18),
4/30/2015,66040,285,($25.49),
4/30/2015,71170,185,$235.05 ,
4/30/2015,65760,199,($8.49),
4/30/2015,81050,298,$507.47 ,
4/30/2015,83030,203,$213.10 ,
4/30/2015,62030,290,($106.00),
4/30/2015,72090,297,$878.83 ,
4/30/2015,65700,249,($159.95),
4/30/2015,66050,290,($31.59),
4/30/2015,66020,229,($358.94),
4/30/2015,72040,227,$430.69 ,
4/30/2015,66110,294,($0.25),
4/30/2015,65540,186,($381.59),
4/30/2015,65760,189,($5.66),
4/30/2015,61550,261,($127.95),
4/30/2015,61560,243,($96.49),
4/30/2015,61510,189,($61.42),
4/30/2015,66040,238,($31.15),
4/30/2015,73010,222,$246.01 ,
4/30/2015,65610,207,($201.74),
4/30/2015,66130,289,($78.66),
4/30/2015,72130,232,"$1,538.75 ",
4/30/2015,62540,200,($23.31),
4/30/2015,71070,206,($145.57),
4/30/2015,61510,291,($75.07),
4/30/2015,61530,269,($75.16),
4/30/2015,65700,153,($376.32),
4/30/2015,66070,226,($8.72),
4/30/2015,66050,211,($31.59),
4/30/2015,66100,235,($4.61),
4/30/2015,65610,267,($201.74),
4/30/2015,86420,171,$142.26 ,
4/30/2015,65600,292,($60.75),
4/30/2015,86010,159,$9.44 ,
4/30/2015,65650,282,($210.02),
4/30/2015,62020,201,($305.65),
4/30/2015,68060,176,($62.39),
4/30/2015,65700,269,($459.94),
4/30/2015,82040,269,$14.73 ,
4/30/2015,86320,269,$114.75 ,
4/30/2015,65660,239,($81.66),
4/30/2015,66050,157,($38.61),
4/30/2015,62020,274,($576.97),
4/30/2015,62550,173,($53.22),
4/30/2015,64020,297,$3.84 ,
4/30/2015,73040,247,$286.74 ,
4/30/2015,71200,174,$44.82 ,
4/30/2015,62030,250,($86.72),
4/30/2015,66130,219,($76.31),
4/30/2015,62030,223,($57.82),
4/30/2015,81180,214,$307.62 ,
4/30/2015,62030,195,($8.70),
4/30/2015,66070,197,($17.45),
4/30/2015,61560,280,($70.17),
4/30/2015,62099,202,$22.59 ,
4/30/2015,66040,264,($29.00),
4/30/2015,86200,276,$4.97 ,
4/30/2015,64020,211,$6.29 ,
4/30/2015,62560,150,($7.14),
4/30/2015,73010,168,$300.68 ,
4/30/2015,61520,229,($122.62),
4/30/2015,65700,188,($334.51),
4/30/2015,61540,267,($9.92),
4/30/2015,73050,284,$8.43 ,
4/30/2015,66040,247,($15.82),
4/30/2015,62530,257,($46.75),
4/30/2015,62560,293,($6.65),
4/30/2015,72070,206,"$2,312.74 ",
4/30/2015,65760,266,($8.49),
4/30/2015,86010,185,$12.10 ,
4/30/2015,86350,177,$148.98 ,
4/30/2015,65660,161,($101.38),
4/30/2015,86010,294,$18.15 ,
4/30/2015,65700,250,($459.94),
4/30/2015,65540,213,($466.38),
4/30/2015,66110,245,($0.38),
4/30/2015,72110,182,"$2,446.55 ",
4/30/2015,66550,258,($70.54),
4/30/2015,65610,247,($246.57),
4/30/2015,62010,269,($412.56),
4/30/2015,61550,297,($105.14),
4/30/2015,65740,188,($564.14),
4/30/2015,65750,154,($812.72),
4/30/2015,86270,156,$51.08 ,
4/30/2015,65700,188,($306.63),
4/30/2015,65760,201,($7.86),
4/30/2015,66050,162,($35.72),
4/30/2015,62099,191,$25.41 ,
4/30/2015,65520,212,($5.76),
4/30/2015,66550,232,($105.80),
4/30/2015,73060,168,$2.50 ,
4/30/2015,65690,277,($97.73),
4/30/2015,65610,170,($13.91),
4/30/2015,81100,257,$173.36 ,
4/30/2015,86310,171,$120.34 ,
4/30/2015,86180,226,$34.58 ,
4/30/2015,66090,164,($30.62),
4/30/2015,73020,296,$104.01 ,
4/30/2015,61570,247,($82.19),
4/30/2015,81110,284,"$2,201.79 ",
4/30/2015,65700,246,($408.84),
4/30/2015,64010,245,$26.94 ,
4/30/2015,61540,152,($16.17),
4/30/2015,65660,252,($114.05),
4/30/2015,72020,175,"$1,947.49 ",
4/30/2015,62010,220,($366.31),
4/30/2015,73020,227,$46.20 ,
4/30/2015,71010,169,"$1,576.34 ",
4/30/2015,62560,187,($13.30),
4/30/2015,65600,275,($312.42),
4/30/2015,66070,185,($14.06),
4/30/2015,66530,207,($48.48),
4/30/2015,62510,206,($322.78),
4/30/2015,85010,220,$163.86 ,
4/30/2015,64000,165,$268.82 ,
4/30/2015,65610,218,($328.76),
4/30/2015,62020,160,($656.56),
4/30/2015,62010,267,($469.46),
4/30/2015,66110,220,($0.38),
4/30/2015,62530,249,($57.37),
4/30/2015,73020,179,$8.03 ,
4/30/2015,66130,199,($85.45),
4/30/2015,61570,264,($67.25),
4/30/2015,65650,222,($288.77),
4/30/2015,62540,190,($25.43),
4/30/2015,86050,265,$72.98 ,
4/30/2015,66510,292,($19.98),
4/30/2015,83030,211,$319.65 ,
4/30/2015,86100,250,$215.13 ,
4/30/2015,71550,281,$94.34 ,
4/30/2015,63050,248,($8.17),
4/30/2015,61530,187,($54.66),
4/30/2015,66510,203,($47.14),
4/30/2015,64020,175,$6.19 ,
4/30/2015,83020,268,$359.60 ,
4/30/2015,66120,188,($1.50),
4/30/2015,65650,247,($236.27),
4/30/2015,65610,168,($403.48),
4/30/2015,86010,154,$8.75 ,
4/30/2015,66130,160,($52.44),
4/30/2015,65590,287,($86.11),
4/30/2015,66030,274,($4.16),
4/30/2015,66040,172,($19.34),
4/30/2015,72010,217,"$3,581.04 ",
4/30/2015,61560,216,($52.63),
4/30/2015,61570,165,($123.29),
4/30/2015,66050,150,($31.59),
4/30/2015,81210,184,$79.85 ,
4/30/2015,62010,219,($512.14),
4/30/2015,65590,247,($70.16),
4/30/2015,66040,163,($15.82),
4/30/2015,62020,243,($716.24),
4/30/2015,61560,194,($4.14),
4/30/2015,64000,221,$164.28 ,
4/30/2015,86100,264,$17.92 ,
4/30/2015,71170,276,$452.39 ,
4/30/2015,61530,201,($66.05),
4/30/2015,62099,226,$27.61 ,
4/30/2015,62520,191,($63.18),
4/30/2015,73050,182,$15.35 ,
Grand Total,,,"$77,193.37 ",
