TranDate,Account,Dept,Sum of Amount,,
10/01/15,86310,182,$114.23 ,,
10/01/15,83070,206,$181.21 ,,
10/01/15,65610,276,($328.66),,
10/01/15,65540,207,($16.67),,
10/01/15,65690,272,($83.49),,
10/01/15,66140,192,($22.33),,
10/01/15,65760,227,($4.61),,
10/01/15,73035,251,$84.66 ,,
10/01/15,73010,277,$61.67 ,,
10/01/15,62030,185,($89.71),,
10/01/15,66010,280,($10.04),,
10/01/15,62550,182,($50.28),,
10/01/15,65760,242,($10.06),,
10/01/15,61550,188,($110.77),,
10/01/15,66520,233,($22.93),,
10/01/15,66530,294,($3.40),,
10/01/15,61520,214,($259.08),,
10/01/15,68060,196,($62.39),,
10/01/15,73020,160,$26.11 ,,
10/01/15,62520,213,($123.87),,
10/01/15,66040,245,($14.06),,
10/01/15,66080,206,($1.76),,
10/01/15,61530,265,($31.56),,
10/01/15,65740,250,"($1,112.52)",,
10/01/15,65540,192,($35.66),,
10/01/15,65740,259,($529.77),,
10/01/15,83010,156,$48.25 ,,
10/01/15,81350,289,$12.73 ,,
10/01/15,65730,175,$6.58 ,,
10/01/15,82050,212,$3.51 ,,
10/01/15,65620,262,($7.23),,
10/01/15,62030,171,($89.71),,
10/01/15,61510,214,($115.32),,
10/01/15,63050,184,($92.57),,
10/01/15,62520,291,($148.64),,
10/01/15,65600,283,($511.54),,
10/01/15,65750,212,($843.05),,
10/01/15,73050,251,$66.41 ,,
10/01/15,73050,212,$7.26 ,,
10/01/15,71325,189,($501.13),,
10/01/15,81190,155,$13.45 ,,
10/01/15,65740,200,($476.79),,
10/01/15,66100,209,($6.67),,
10/01/15,65750,295,($961.70),,
10/01/15,65660,184,($22.11),,
10/01/15,73040,165,$212.22 ,,
10/01/15,66010,210,($79.10),,
10/01/15,65590,247,($29.41),,
10/01/15,63050,256,($48.49),,
10/01/15,72130,209,"$2,877.64 ",,
10/01/15,86010,254,$18.23 ,,
10/01/15,86830,196,$22.18 ,,
10/01/15,83020,180,$337.79 ,,
10/01/15,63050,167,($174.98),,
10/01/15,63050,173,($79.35),,
10/01/15,62099,208,$21.63 ,,
10/01/15,66090,161,($15.39),,
10/01/15,66140,164,($13.70),,
10/01/15,65570,243,($4.06),,
10/01/15,65540,231,($15.28),,
10/01/15,66010,210,($9.47),,
10/01/15,62530,196,($61.92),,
10/01/15,62520,198,($121.62),,
10/01/15,86200,218,$124.52 ,,
10/01/15,81210,223,$390.26 ,,
10/01/15,61550,281,($147.27),,
10/01/15,65650,248,($94.14),,
10/01/15,61530,243,($47.33),,
10/01/15,62030,257,($74.76),,
10/01/15,72020,282,"$3,328.99 ",,
10/01/15,65700,283,($328.04),,
10/01/15,61520,227,($82.40),,
10/01/15,73040,218,$100.44 ,,
10/01/15,65600,230,($577.12),,
10/01/15,62510,249,($110.99),,
10/01/15,73020,174,$148.66 ,,
10/01/15,65610,268,($187.81),,
10/01/15,81050,240,$846.13 ,,
10/01/15,83010,222,$15.60 ,,
10/01/15,73030,156,$73.28 ,,
10/01/15,65760,204,($5.03),,
10/01/15,61560,197,($17.47),,
10/01/15,66020,225,($181.50),,
10/01/15,66510,237,($15.84),,
10/01/15,73050,254,$3.21 ,,
10/01/15,62010,276,($412.23),,
10/01/15,66070,258,($16.76),,
10/01/15,86020,282,$16.01 ,,
10/01/15,65600,276,($769.49),,
10/01/15,66090,267,($27.28),,
10/01/15,66030,251,($5.94),,
10/01/15,71060,235,$73.42 ,,
10/01/15,65730,293,$6.08 ,,
10/01/15,81150,245,$80.70 ,,
10/01/15,65540,261,($22.92),,
10/01/15,66050,227,($17.10),,
10/01/15,66020,262,($439.78),,
10/01/15,86020,198,$6.86 ,,
10/01/15,71310,168,"$2,939.71 ",,
10/01/15,73020,209,$7.07 ,,
10/01/15,61560,274,($23.83),,
10/01/15,86200,172,$15.60 ,,
10/01/15,66140,244,($12.10),,
10/01/15,64000,224,$172.67 ,,
10/01/15,65590,237,($27.07),,
10/01/15,81020,212,$49.61 ,,
10/01/15,66030,171,($1.58),,
10/01/15,66050,163,($25.08),,
10/01/15,86150,183,$61.34 ,,
10/01/15,86180,279,$27.00 ,,
10/01/15,66530,221,$3.24 ,,
10/01/15,62550,233,($41.14),,
10/01/15,86280,152,$169.12 ,,
10/01/15,64020,226,$2.59 ,,
10/01/15,61550,284,($207.70),,
10/01/15,65570,257,($1.87),,
10/01/15,65700,238,($236.92),,
10/01/15,66020,258,($537.50),,
10/01/15,66020,262,($255.95),,
10/01/15,82040,297,$81.16 ,,
10/01/15,68060,238,($45.37),,
10/01/15,73010,174,$142.21 ,,
10/01/15,62530,266,($107.72),,
10/01/15,61550,225,($166.16),,
10/01/15,66030,186,($1.94),,
10/01/15,73020,280,$117.12 ,,
10/01/15,71070,283,($9.57),,
10/01/15,86020,255,$10.68 ,,
10/01/15,62020,164,($361.62),,
10/01/15,66130,162,($61.74),,
10/01/15,65700,294,($382.72),,
10/01/15,62530,204,($53.07),,
10/01/15,72070,241,"$2,361.37 ",,
10/01/15,61510,196,($67.39),,
10/01/15,61530,189,($39.45),,
10/01/15,65620,191,($7.48),,
10/01/15,61570,171,($209.53),,
10/01/15,64020,230,$1.94 ,,
10/01/15,86140,238,$2.48 ,,
10/01/15,82070,261,$77.66 ,,
10/01/15,72050,250,$85.48 ,,
10/01/15,66110,224,($0.50),,
10/01/15,73060,219,$5.60 ,,
10/01/15,64000,257,$281.12 ,,
10/01/15,66030,216,($3.17),,
10/01/15,66510,243,($24.20),,
10/01/15,65600,268,($625.21),,
10/01/15,81260,168,$5.30 ,,
10/01/15,72120,167,"$2,636.05 ",,
10/01/15,66120,209,($3.99),,
10/01/15,63050,204,($96.98),,
10/01/15,61540,222,($3.18),,
10/01/15,65660,293,($19.16),,
10/01/15,66010,177,($11.58),,
10/01/15,66030,249,($2.43),,
10/01/15,66090,292,($22.32),,
10/01/15,62560,218,($7.53),,
10/01/15,65760,234,($9.22),,
10/01/15,86180,208,$2.02 ,,
10/01/15,66090,185,($20.99),,
10/01/15,71190,276,$103.85 ,,
10/01/15,86360,257,$158.94 ,,
10/01/15,66020,199,($251.30),,
10/01/15,73030,246,$25.03 ,,
10/01/15,62550,265,($44.69),,
10/01/15,61510,284,($87.86),,
10/01/15,86280,229,$138.37 ,,
10/01/15,66050,186,($25.08),,
10/01/15,71325,216,($751.70),,
10/01/15,65700,165,($367.53),,
10/01/15,62030,164,($79.75),,
10/01/15,65730,290,$7.09 ,,
10/01/15,65730,234,$4.05 ,,
10/01/15,65740,156,($606.83),,
10/01/15,65620,229,($8.34),,
10/01/15,72150,280,"$2,626.27 ",,
10/01/15,81900,208,$913.46 ,,
10/01/15,65540,235,($20.38),,
10/01/15,72120,167,"$1,629.22 ",,
10/01/15,82030,291,$2.20 ,,
10/01/15,72060,258,"$2,157.71 ",,
10/01/15,65610,260,($375.61),,
10/01/15,65570,167,($3.17),,
10/01/15,61570,267,($187.80),,
10/01/15,61550,252,($221.54),,
10/01/15,63050,260,($52.90),,
10/01/15,66110,156,($1.08),,
10/01/15,83010,277,$10.40 ,,
10/01/15,71010,279,"$1,889.87 ",,
10/01/15,62510,204,($181.62),,
10/01/15,65540,205,($252.88),,
10/01/15,66530,164,$4.97 ,,
10/01/15,66130,263,($96.82),,
10/01/15,73050,219,$67.12 ,,
10/01/15,65690,192,($36.21),,
10/01/15,66120,219,($2.09),,
10/01/15,86310,159,$139.61 ,,
10/02/15,81350,239,$8.48 ,,
10/02/15,61520,288,($164.81),,
10/02/15,71030,209,$310.75 ,,
10/02/15,81220,268,$328.10 ,,
10/02/15,84020,228,$202.58 ,,
10/02/15,73050,269,$13.73 ,,
10/02/15,73030,226,$212.67 ,,
10/02/15,86200,183,$104.74 ,,
10/02/15,81170,263,$27.60 ,,
10/02/15,85010,164,$89.38 ,,
10/02/15,62510,274,($227.02),,
10/02/15,66510,219,($25.81),,
10/02/15,65570,172,($2.38),,
10/02/15,86030,294,$16.37 ,,
10/02/15,72070,223,"$2,898.04 ",,
10/02/15,65620,262,($193.40),,
10/02/15,86290,212,$245.07 ,,
10/02/15,66070,181,($7.61),,
10/02/15,65590,234,($16.54),,
10/02/15,66020,285,($223.38),,
10/02/15,61570,170,($121.06),,
10/02/15,65740,266,($346.76),,
10/02/15,61520,187,($144.21),,
10/02/15,86130,193,$27.90 ,,
10/02/15,81180,177,"$1,237.53 ",,
10/02/15,65550,263,($20.33),,
10/02/15,65690,157,($69.12),,
10/02/15,73010,242,$54.00 ,,
10/02/15,65730,181,$8.66 ,,
10/02/15,65570,267,($2.90),,
10/02/15,65570,298,($2.82),,
10/02/15,62520,294,($161.03),,
10/02/15,65650,171,($70.61),,
10/02/15,66040,262,($25.78),,
10/02/15,86360,164,$298.10 ,,
10/02/15,62010,182,($618.34),,
10/02/15,64000,208,$300.65 ,,
10/02/15,61510,215,($60.40),,
10/02/15,61540,296,($89.02),,
10/02/15,61530,269,($77.13),,
10/02/15,73010,218,$178.06 ,,
10/02/15,73040,289,$122.76 ,,
10/02/15,64000,250,$279.17 ,,
10/02/15,73030,298,$41.56 ,,
10/02/15,66140,172,($9.90),,
10/02/15,63050,224,($105.80),,
10/02/15,86360,185,$194.26 ,,
10/02/15,62030,191,($59.81),,
10/02/15,66050,212,($22.29),,
10/02/15,65760,190,($7.55),,
10/02/15,66510,151,($20.97),,
10/02/15,65650,218,($77.03),,
10/02/15,86100,160,($22.38),,
10/02/15,71190,162,$154.97 ,,
10/02/15,66140,177,($17.13),,
10/02/15,66520,269,($13.34),,
10/03/15,62550,191,($62.85),,
10/03/15,64010,177,$25.90 ,,
10/03/15,73040,226,$29.16 ,,
10/03/15,62099,177,$15.11 ,,
10/03/15,81090,215,$992.06 ,,
10/03/15,64020,217,$1.58 ,,
10/03/15,65660,252,($37.99),,
10/03/15,66080,201,($1.08),,
10/03/15,66520,296,($15.01),,
10/03/15,61560,176,($23.30),,
10/03/15,73050,271,$14.19 ,,
10/03/15,66090,230,($25.19),,
10/03/15,65520,221,($25.80),,
10/03/15,62020,241,($512.09),,
10/03/15,66090,213,($59.62),,
10/03/15,81100,151,$207.37 ,,
10/03/15,71070,266,($25.30),,
10/03/15,65760,255,($6.29),,
10/03/15,65690,205,($48.27),,
10/03/15,62520,161,($74.32),,
10/03/15,83020,291,$618.72 ,,
10/03/15,66030,260,($2.18),,
10/03/15,82040,156,$99.20 ,,
10/03/15,66040,239,($36.91),,
10/03/15,65660,197,($28.94),,
10/03/15,61540,169,($3.56),,
10/03/15,61530,292,($42.07),,
10/03/15,66010,276,($58.01),,
10/03/15,62020,216,($295.87),,
10/03/15,86200,163,$186.44 ,,
10/03/15,86100,235,$360.38 ,,
10/03/15,73020,209,$16.06 ,,
10/03/15,66030,219,($12.42),,
10/03/15,66080,179,($2.64),,
10/03/15,65710,284,($825.08),,
10/03/15,66080,204,($1.35),,
10/03/15,65690,265,($52.30),,
10/03/15,66130,175,($92.61),,
10/03/15,61520,219,($154.50),,
10/03/15,65610,251,($281.71),,
10/03/15,83060,177,$71.20 ,,
10/03/15,66120,183,($2.33),,
10/03/15,62030,199,($48.93),,
10/03/15,65590,281,($28.01),,
10/03/15,66100,283,($4.89),,
10/03/15,72100,241,$136.42 ,,
10/03/15,62099,232,$20.14 ,,
10/03/15,64000,268,$193.27 ,,
10/03/15,86100,168,$18.05 ,,
10/03/15,72999,256,($300.55),,
10/03/15,66530,155,($3.12),,
10/03/15,66090,184,($16.79),,
10/03/15,86030,199,$7.49 ,,
10/03/15,63050,160,($86.20),,
10/03/15,66140,249,($8.37),,
10/03/15,61510,218,($40.27),,
10/04/15,61510,268,($38.94),,
10/04/15,65750,188,($595.34),,
10/04/15,66140,230,($18.14),,
10/04/15,86450,267,($36.69),,
10/04/15,81100,264,$168.96 ,,
10/04/15,66040,183,($22.85),,
10/04/15,65610,271,($281.71),,
10/04/15,64020,181,$1.40 ,,
10/04/15,73030,156,$333.55 ,,
10/04/15,65600,243,($590.24),,
10/04/15,62099,285,$32.45 ,,
10/04/15,66130,202,($94.72),,
10/04/15,86020,174,$8.74 ,,
10/04/15,72050,270,$104.47 ,,
10/04/15,86030,150,$179.26 ,,
10/04/15,65610,263,($403.36),,
10/04/15,81900,255,$109.89 ,,
10/04/15,71550,151,$589.03 ,,
10/04/15,73060,257,$9.53 ,,
10/04/15,62030,231,($67.28),,
10/04/15,83010,292,$8.51 ,,
10/04/15,81330,154,$36.39 ,,
10/04/15,62020,222,($667.61),,
10/04/15,61540,265,($58.06),,
10/04/15,66030,226,($1.40),,
10/04/15,65710,284,($720.07),,
10/04/15,62030,270,($54.82),,
10/04/15,66090,156,($22.39),,
10/04/15,62530,195,($35.38),,
10/04/15,65590,185,($22.06),,
10/04/15,72100,264,$491.45 ,,
10/04/15,65550,291,($12.47),,
10/04/15,66030,186,($4.16),,
10/04/15,62550,271,($51.42),,
10/04/15,66010,161,($5.05),,
10/04/15,65740,170,($346.76),,
10/04/15,61530,176,($48.21),,
10/04/15,62530,218,($57.49),,
10/04/15,66120,157,($1.66),,
10/04/15,86050,198,$121.17 ,,
10/04/15,63050,220,($70.04),,
10/04/15,65600,265,($314.79),,
10/04/15,66100,292,($4.45),,
10/04/15,66530,191,($5.45),,
10/04/15,65750,273,($893.01),,
10/04/15,64000,235,$210.84 ,,
10/04/15,64010,266,$35.32 ,,
10/04/15,80990,286,"$1,210.25 ",,
10/04/15,71240,176,$599.04 ,,
10/04/15,65650,283,($58.84),,
10/04/15,71010,217,"$2,309.84 ",,
10/04/15,86100,190,$67.27 ,,
10/04/15,65760,222,($8.45),,
10/05/15,61550,181,($166.16),,
10/05/15,61520,197,($125.89),,
10/05/15,71080,253,$8.85 ,,
10/05/15,66100,282,($4.74),,
10/05/15,66510,206,($19.36),,
10/05/15,66070,292,($5.81),,
10/05/15,62550,249,($33.52),,
10/05/15,66070,160,($5.07),,
10/05/15,66070,242,($10.93),,
10/05/15,66020,173,($153.57),,
10/05/15,73050,210,$19.58 ,,
10/05/15,81900,206,$608.98 ,,
10/05/15,66130,278,($63.15),,
10/05/15,66020,218,($314.13),,
10/05/15,66030,279,($2.59),,
10/05/15,72999,214,($345.96),,
10/05/15,65550,192,($9.01),,
10/05/15,62030,178,($211.61),,
10/05/15,61510,178,($49.42),,
10/05/15,65540,273,($22.23),,
10/05/15,61560,288,($154.54),,
10/05/15,62020,254,"($1,693.78)",,
10/05/15,66100,162,($11.41),,
10/05/15,86400,246,($0.18),,
10/05/15,66010,287,($9.26),,
10/05/15,86010,234,$287.76 ,,
10/05/15,66100,248,($8.15),,
10/05/15,86050,234,$181.75 ,,
10/05/15,65620,203,($5.56),,
10/05/15,61560,230,($28.60),,
10/05/15,73010,170,$177.84 ,,
10/05/15,65690,167,($39.50),,
10/05/15,71299,263,($10.83),,
10/05/15,66050,254,($16.72),,
10/05/15,71560,213,$108.00 ,,
10/05/15,66520,241,($12.51),,
10/05/15,65650,281,($62.58),,
10/05/15,65550,209,($11.09),,
10/05/15,73010,268,$156.94 ,,
10/05/15,66520,298,($21.40),,
10/05/15,66070,267,($4.98),,
10/05/15,72040,170,$764.13 ,,
10/05/15,64020,180,$1.30 ,,
10/05/15,86050,217,$206.44 ,,
10/05/15,82030,280,$1.80 ,,
10/05/15,65650,162,($57.77),,
10/05/15,65650,169,($62.76),,
10/05/15,61530,206,($67.49),,
10/05/15,65610,209,($140.85),,
10/05/15,65550,294,($19.06),,
10/05/15,63050,268,($52.90),,
10/05/15,64000,261,$257.70 ,,
10/05/15,65700,278,($574.08),,
10/06/15,65650,279,($88.26),,
10/06/15,61510,245,($71.39),,
10/06/15,72999,165,($230.64),,
10/06/15,65660,154,($46.43),,
10/06/15,61560,189,($23.30),,
10/06/15,64010,187,$40.28 ,,
10/06/15,73040,212,$172.92 ,,
10/06/15,73050,197,$54.11 ,,
10/06/15,65710,240,($605.06),,
10/06/15,73040,167,$236.28 ,,
10/06/15,65590,191,($42.96),,
10/06/15,84020,260,$202.57 ,,
10/06/15,86270,152,$215.79 ,,
10/06/15,64010,190,$30.82 ,,
10/06/15,61530,216,($47.33),,
10/06/15,66020,282,($307.14),,
10/06/15,65550,170,($11.43),,
10/06/15,81110,277,$106.10 ,,
10/06/15,61530,259,($51.42),,
10/06/15,66100,204,($4.35),,
10/06/15,61560,222,($34.95),,
10/06/15,71050,157,$194.37 ,,
10/06/15,61560,150,($29.13),,
10/06/15,61560,154,($33.36),,
10/06/15,61540,240,($3.88),,
10/06/15,83020,171,$328.80 ,,
10/06/15,65710,183,($660.06),,
10/06/15,65550,182,($10.16),,
10/06/15,86010,230,$128.80 ,,
10/06/15,62550,234,($33.52),,
10/06/15,73020,206,$604.83 ,,
10/06/15,73035,240,$34.56 ,,
10/06/15,62510,182,($388.46),,
10/06/15,71050,196,$129.58 ,,
10/06/15,73010,272,$113.06 ,,
10/06/15,83030,205,$340.70 ,,
10/06/15,66110,187,($0.31),,
10/06/15,66100,183,($3.98),,
10/06/15,64020,231,$4.16 ,,
10/06/15,66020,221,($167.53),,
10/06/15,66130,277,($88.41),,
10/06/15,65590,176,($27.07),,
10/06/15,66120,181,($1.55),,
10/06/15,62530,212,($47.17),,
10/06/15,61550,277,($90.63),,
10/06/15,62530,267,($38.33),,
10/06/15,65730,171,$6.81 ,,
10/06/15,62550,184,($37.71),,
10/06/15,62010,186,($523.21),,
10/06/15,86100,285,$82.56 ,,
10/06/15,61510,193,($82.37),,
10/06/15,61570,278,($167.62),,
10/06/15,62550,171,($46.09),,
10/07/15,62020,161,($409.67),,
10/07/15,64020,195,$1.58 ,,
10/07/15,61550,182,($152.31),,
10/07/15,66040,247,($18.75),,
10/07/15,72060,256,"$1,417.00 ",,
10/07/15,86310,233,$209.42 ,,
10/07/15,73035,260,$76.65 ,,
10/07/15,65590,205,($47.37),,
10/07/15,86010,297,$396.11 ,,
10/07/15,62530,173,($70.27),,
10/07/15,66120,182,($2.28),,
10/07/15,72150,248,"$1,559.94 ",,
10/07/15,66080,208,($2.16),,
10/07/15,66080,157,($2.31),,
10/07/15,85510,162,$592.58 ,,
10/07/15,86050,255,$148.71 ,,
10/07/15,86150,293,$82.87 ,,
10/07/15,65750,178,($562.03),,
10/07/15,61520,253,($138.48),,
10/07/15,62010,155,($755.75),,
10/07/15,65570,255,($4.22),,
10/07/15,71160,254,$219.05 ,,
10/07/15,66090,220,($20.61),,
10/07/15,68060,288,($62.39),,
10/07/15,66100,248,($5.98),,
10/07/15,66020,196,($332.74),,
10/07/15,65610,218,($172.15),,
10/07/15,66120,165,($2.02),,
10/07/15,61570,167,($273.16),,
10/07/15,73035,153,$111.71 ,,
10/07/15,72010,239,"$2,455.36 ",,
10/07/15,66090,245,($29.38),,
10/07/15,71180,227,$360.09 ,,
10/07/15,66090,208,($14.88),,
10/07/15,86135,290,$2.20 ,,
10/07/15,62540,278,$0.71 ,,
10/07/15,73050,154,$71.51 ,,
10/07/15,65570,216,($1.94),,
10/07/15,62510,269,($161.44),,
10/07/15,61570,202,($195.56),,
10/07/15,66130,225,($54.73),,
10/07/15,65590,171,($35.84),,
10/07/15,65660,292,($14.47),,
10/07/15,61570,235,($147.96),,
10/07/15,65710,260,($403.37),,
10/07/15,66130,298,($100.33),,
10/07/15,72020,256,"$2,712.51 ",,
10/07/15,65570,287,($4.54),,
10/07/15,73010,289,$266.75 ,,
10/07/15,66010,206,($6.95),,
10/07/15,86330,297,$636.99 ,,
10/07/15,65550,183,($13.51),,
10/07/15,62020,254,($273.11),,
10/08/15,68060,214,($55.30),,
10/08/15,66110,220,($0.64),,
10/08/15,65660,253,($35.38),,
10/08/15,65710,198,($586.72),,
10/08/15,86180,267,$22.00 ,,
10/08/15,86100,235,$240.25 ,,
10/08/15,65740,232,($693.52),,
10/08/15,86010,163,$322.75 ,,
10/08/15,73030,162,$271.78 ,,
10/08/15,72040,200,$416.80 ,,
10/08/15,66030,220,($1.73),,
10/08/15,66010,282,($8.84),,
10/08/15,65730,269,$5.57 ,,
10/08/15,65540,154,($20.38),,
10/08/15,65760,287,($16.14),,
10/08/15,73050,264,$20.48 ,,
10/08/15,71200,283,$100.97 ,,
10/08/15,66520,218,($15.29),,
10/08/15,65620,181,($6.80),,
10/08/15,86290,195,$300.77 ,,
10/08/15,62550,230,($50.28),,
10/08/15,71550,220,($326.87),,
10/08/15,66120,171,($2.47),,
10/08/15,65600,219,($673.31),,
10/08/15,73030,246,$259.93 ,,
10/08/15,65690,230,($59.24),,
10/08/15,86350,174,$134.04 ,,
10/08/15,73010,160,$20.83 ,,
10/08/15,65570,240,($3.43),,
10/08/15,62530,280,($32.43),,
10/08/15,71050,292,$87.75 ,,
10/08/15,62020,271,($500.71),,
10/08/15,64000,197,$368.97 ,,
10/08/15,65620,193,($5.89),,
10/08/15,61540,264,($4.76),,
10/08/15,61530,264,($31.56),,
10/08/15,62020,210,($305.99),,
10/08/15,66070,222,($3.32),,
10/08/15,68060,158,($51.99),,
10/08/15,73010,295,$235.41 ,,
10/08/15,66050,288,($18.81),,
10/08/15,62560,167,($12.78),,
10/08/15,66050,243,($22.48),,
10/08/15,61540,215,($4.37),,
10/08/15,66510,153,($89.92),,
10/08/15,66070,266,($6.09),,
10/08/15,61550,237,($290.77),,
10/08/15,62520,173,($162.15),,
10/08/15,71030,240,$169.50 ,,
10/08/15,68060,258,($41.59),,
10/08/15,66110,229,($0.59),,
10/08/15,66100,234,($6.22),,
10/08/15,64010,298,$19.26 ,,
10/08/15,66030,215,($2.38),,
10/08/15,61540,166,($5.95),,
10/08/15,61520,270,($163.66),,
10/08/15,86290,198,$42.59 ,,
10/08/15,81200,247,$4.99 ,,
10/08/15,83020,291,$337.49 ,,
10/08/15,65650,238,($43.15),,
10/08/15,81270,177,$225.32 ,,
10/08/15,73030,230,$553.56 ,,
10/08/15,73040,198,$193.32 ,,
10/08/15,66030,219,($2.11),,
10/08/15,68060,230,($83.18),,
10/08/15,66020,231,($281.55),,
10/08/15,86290,187,$200.51 ,,
10/08/15,66130,226,($84.90),,
10/08/15,66090,194,($18.19),,
10/08/15,73010,211,$174.53 ,,
10/08/15,61570,246,($181.59),,
10/08/15,66530,165,($2.76),,
10/08/15,65590,162,($41.36),,
10/08/15,73035,222,$28.16 ,,
10/08/15,62550,282,($71.99),,
10/08/15,66100,288,($6.52),,
10/08/15,71200,252,$82.61 ,,
10/08/15,65690,206,($44.25),,
10/08/15,86010,254,$117.57 ,,
10/08/15,82060,256,$67.12 ,,
10/08/15,86270,160,$124.86 ,,
10/08/15,64000,169,$257.70 ,,
10/08/15,64010,234,$40.45 ,,
10/08/15,66070,215,($4.15),,
10/08/15,66080,170,($1.62),,
10/08/15,81170,183,$33.73 ,,
10/08/15,65610,235,($187.81),,
10/08/15,68060,212,($36.87),,
10/08/15,62510,294,($317.83),,
10/08/15,65600,254,($459.98),,
10/08/15,73020,207,$33.66 ,,
10/08/15,65710,243,($808.32),,
10/08/15,65760,255,($13.21),,
10/08/15,63050,241,($121.23),,
10/08/15,64010,164,$23.11 ,,
10/08/15,72150,166,"$1,750.85 ",,
10/08/15,81350,253,$8.48 ,,
10/08/15,61510,175,($32.95),,
10/08/15,81350,281,$10.37 ,,
10/08/15,86100,187,$55.04 ,,
10/08/15,62510,279,($121.08),,
10/08/15,61570,217,($136.58),,
10/08/15,86100,151,$3.36 ,,
10/08/15,62510,243,($197.31),,
10/08/15,61530,156,($101.24),,
10/08/15,83030,265,$511.06 ,,
10/08/15,65610,276,($230.49),,
10/08/15,66090,225,($13.74),,
10/08/15,81210,233,$478.96 ,,
10/08/15,62520,215,($108.10),,
10/08/15,66090,289,($27.48),,
10/08/15,66090,272,($28.51),,
10/08/15,86140,171,$1.65 ,,
10/08/15,72110,244,"$3,134.22 ",,
10/08/15,61560,298,($50.04),,
10/08/15,61560,182,($26.21),,
10/08/15,65690,217,($103.68),,
10/08/15,73060,277,$5.20 ,,
10/08/15,61510,252,($65.89),,
10/08/15,65760,207,($7.55),,
10/08/15,64000,283,$236.22 ,,
10/08/15,65690,217,($39.50),,
10/08/15,65710,240,($945.09),,
10/08/15,65690,280,($59.24),,
10/08/15,73010,241,$37.95 ,,
10/08/15,66110,251,($0.63),,
10/08/15,86200,155,$23.40 ,,
10/08/15,66070,227,($7.10),,
10/08/15,65700,282,($534.59),,
10/08/15,65750,272,($824.32),,
10/08/15,83010,217,$72.38 ,,
10/08/15,66530,203,($3.89),,
10/08/15,62520,214,($132.13),,
10/08/15,66550,194,$0.50 ,,
10/08/15,65750,199,($618.24),,
10/08/15,61540,195,($6.30),,
10/08/15,73060,193,$8.40 ,,
10/08/15,73020,261,$29.44 ,,
10/08/15,66110,251,($0.82),,
10/08/15,86140,280,$1.35 ,,
10/08/15,66530,197,$2.38 ,,
10/08/15,62099,207,$26.44 ,,
10/08/15,71170,287,$496.66 ,,
10/08/15,61520,186,($100.71),,
10/08/15,64020,199,$2.57 ,,
10/08/15,65700,288,($400.94),,
10/08/15,66100,206,($5.79),,
10/08/15,68060,162,($57.19),,
10/08/15,66040,214,($21.09),,
10/08/15,62560,269,($8.40),,
10/08/15,86100,150,$12.03 ,,
10/08/15,65650,225,($47.07),,
10/08/15,61560,253,($236.96),,
10/08/15,65710,211,($770.07),,
10/08/15,83010,252,$12.76 ,,
10/08/15,61520,150,($92.32),,
10/08/15,65620,187,($4.82),,
10/08/15,66110,178,($0.77),,
10/08/15,65760,188,($8.80),,
10/08/15,65660,250,($25.33),,
10/08/15,66530,268,($5.06),,
10/08/15,72010,287,"$3,683.04 ",,
10/08/15,62560,156,($11.76),,
10/08/15,66040,261,($27.93),,
10/08/15,68060,290,($89.33),,
10/08/15,66510,225,($15.84),,
10/08/15,66100,180,($4.45),,
10/08/15,73030,166,$369.04 ,,
10/08/15,62510,284,($221.98),,
10/08/15,65570,171,($8.49),,
10/08/15,86200,245,$85.35 ,,
10/08/15,61510,282,($43.93),,
10/08/15,65570,298,($3.24),,
10/08/15,81330,217,$66.72 ,,
10/08/15,66110,185,($0.55),,
10/08/15,66530,273,($3.82),,
10/08/15,73050,177,$87.89 ,,
10/08/15,66050,283,($43.89),,
10/08/15,73010,236,$37.69 ,,
10/08/15,63050,243,($72.74),,
10/08/15,73050,229,$3.93 ,,
10/08/15,65650,215,($245.35),,
10/08/15,71080,191,$13.27 ,,
10/08/15,73040,272,$100.44 ,,
10/08/15,62520,229,($190.57),,
10/08/15,65760,212,($4.61),,
10/08/15,81310,201,$112.50 ,,
10/08/15,65730,153,$5.40 ,,
10/08/15,65710,272,($480.04),,
10/08/15,62510,222,($121.08),,
10/08/15,61530,159,($34.19),,
10/08/15,62530,166,($51.52),,
10/08/15,62010,245,($713.47),,
10/08/15,73020,262,$153.40 ,,
10/08/15,62099,224,$22.66 ,,
10/08/15,65760,210,($9.99),,
10/08/15,65540,270,($33.34),,
10/08/15,62560,227,($10.27),,
10/09/15,66120,164,($1.24),,
10/09/15,86270,239,$102.16 ,,
10/09/15,65590,170,($18.05),,
10/09/15,66110,256,($0.36),,
10/09/15,66080,170,($3.47),,
10/09/15,72090,157,$878.83 ,,
10/09/15,61570,237,($293.34),,
10/09/15,65660,185,($23.52),,
10/09/15,65700,157,($289.57),,
10/09/15,83030,251,$624.62 ,,
10/09/15,71170,279,$648.16 ,,
10/09/15,65660,232,($24.32),,
10/09/15,65590,163,($24.06),,
10/09/15,64000,238,$361.03 ,,
10/09/15,65570,190,($3.17),,
10/09/15,61510,196,($94.35),,
10/09/15,72070,230,"$1,932.03 ",,
10/09/15,72999,214,($422.84),,
10/09/15,65730,295,$3.71 ,,
10/09/15,66030,251,($1.72),,
10/09/15,73020,220,$10.60 ,,
10/09/15,66120,256,($1.65),,
10/09/15,68060,255,($46.79),,
10/09/15,73030,207,$222.37 ,,
10/09/15,65660,240,($19.90),,
10/09/15,61570,234,($223.50),,
10/09/15,73030,160,$30.72 ,,
10/09/15,66080,237,($1.17),,
10/09/15,66010,240,($5.05),,
10/09/15,62030,174,($44.86),,
10/09/15,73035,275,$136.53 ,,
10/09/15,65750,288,($412.16),,
10/09/15,66120,204,($1.52),,
10/09/15,72050,177,$253.76 ,,
10/09/15,86020,188,$8.42 ,,
10/09/15,61560,273,($38.13),,
10/09/15,65610,239,($153.66),,
10/09/15,61510,162,($47.59),,
10/09/15,65590,241,($33.09),,
10/09/15,66070,292,($4.06),,
10/09/15,66010,246,($121.29),,
10/09/15,65760,276,($5.45),,
10/09/15,62520,153,($136.25),,
10/09/15,62510,240,($203.48),,
10/09/15,86010,296,$90.85 ,,
10/09/15,66140,263,($12.18),,
10/09/15,66090,294,($24.04),,
10/09/15,65610,210,($234.76),,
10/09/15,61550,243,($158.60),,
10/09/15,73030,197,$20.48 ,,
10/09/15,66520,163,($9.17),,
10/09/15,73035,192,$20.63 ,,
10/09/15,65760,234,($6.66),,
10/10/15,65750,247,($503.75),,
10/10/15,65540,199,($22.07),,
10/10/15,64020,179,$2.38 ,,
10/10/15,66530,223,($2.55),,
10/10/15,86310,253,$171.34 ,,
10/10/15,86010,182,$351.70 ,,
10/10/15,65540,285,($30.56),,
10/10/15,84020,207,$127.29 ,,
10/10/15,61560,231,($61.16),,
10/10/15,61520,215,($176.25),,
10/10/15,81100,242,$253.45 ,,
10/10/15,73040,282,$29.16 ,,
10/10/15,66040,263,($23.63),,
10/10/15,62560,285,($10.95),,
10/10/15,65570,285,($2.29),,
10/10/15,66120,169,($2.17),,
10/10/15,62010,252,($639.48),,
10/10/15,73020,251,$27.54 ,,
10/10/15,66510,239,($50.82),,
10/10/15,66140,226,($16.75),,
10/10/15,66140,243,($15.35),,
10/10/15,61550,258,($135.95),,
10/10/15,65620,153,($6.67),,
10/10/15,86290,289,$63.88 ,,
10/10/15,73050,190,$23.93 ,,
10/10/15,65590,251,($30.33),,
10/10/15,66140,237,($29.31),,
10/10/15,72150,201,"$1,432.51 ",,
10/10/15,71010,265,"$1,259.91 ",,
10/10/15,66070,210,($3.72),,
10/10/15,61510,164,($43.93),,
10/10/15,66090,179,($12.59),,
10/10/15,81260,271,$3.53 ,,
10/10/15,66010,291,($8.21),,
10/10/15,84020,239,$127.29 ,,
10/10/15,64010,251,$32.96 ,,
10/10/15,66510,178,($33.88),,
10/10/15,73035,204,$37.82 ,,
10/10/15,65660,206,($13.27),,
10/10/15,66050,165,($13.68),,
10/10/15,65610,206,($307.32),,
10/10/15,86020,207,$11.41 ,,
10/10/15,66050,231,($31.35),,
10/10/15,66520,287,($16.31),,
10/10/15,63050,164,($59.27),,
10/10/15,66090,163,($31.48),,
10/10/15,66120,282,($1.14),,
10/10/15,66100,228,($5.78),,
10/10/15,65740,184,($794.65),,
10/10/15,62550,204,($29.71),,
10/10/15,71325,270,($410.02),,
10/10/15,66520,226,($13.35),,
10/10/15,61530,223,($59.17),,
10/11/15,81230,193,$36.23 ,,
10/11/15,62099,168,$28.62 ,,
10/11/15,61560,284,($25.42),,
10/11/15,73010,192,$116.35 ,,
10/11/15,65740,189,($423.81),,
10/11/15,61550,257,($98.18),,
10/11/15,61560,184,($113.33),,
10/11/15,62520,217,($292.21),,
10/11/15,61560,172,($40.77),,
10/11/15,61530,285,($35.35),,
10/11/15,61550,188,($352.47),,
10/11/15,66080,233,($1.32),,
10/11/15,65620,297,($14.28),,
10/11/15,62020,282,($542.43),,
10/11/15,62560,284,($11.29),,
10/11/15,73030,210,$434.81 ,,
10/11/15,66520,154,($10.01),,
10/11/15,64000,271,$187.41 ,,
10/11/15,71180,206,($77.27),,
10/11/15,66520,223,($27.92),,
10/11/15,61510,211,($169.83),,
10/11/15,71080,208,$7.24 ,,
10/11/15,66080,252,($1.49),,
10/11/15,63050,271,($64.65),,
10/11/15,81280,164,$36.27 ,,
10/11/15,66090,286,($18.89),,
10/11/15,66050,170,($20.52),,
10/11/15,62520,234,($148.64),,
10/11/15,71560,252,$132.00 ,,
10/11/15,66100,209,($5.34),,
10/11/15,65710,239,($330.03),,
10/11/15,64020,174,$1.98 ,,
10/11/15,86180,292,$30.43 ,,
10/11/15,72070,268,"$3,542.05 ",,
10/11/15,62520,220,($111.48),,
10/11/15,64020,249,$1.62 ,,
10/11/15,61530,282,($57.85),,
10/11/15,66050,226,($12.54),,
10/11/15,86100,231,$22.06 ,,
10/11/15,82070,298,$12.43 ,,
10/11/15,66030,170,($2.11),,
10/11/15,82060,244,$54.69 ,,
10/11/15,65620,221,($141.83),,
10/11/15,66530,209,($3.12),,
10/11/15,64010,177,$21.19 ,,
10/11/15,61550,285,($90.63),,
10/11/15,64000,193,$245.98 ,,
10/11/15,62540,224,$1.48 ,,
10/11/15,66010,189,($8.49),,
10/11/15,65760,295,($6.15),,
10/11/15,82060,156,$82.04 ,,
10/11/15,62010,238,($872.02),,
10/11/15,66520,236,($19.87),,
10/12/15,65540,160,($29.17),,
10/12/15,65740,258,($635.72),,
10/12/15,66050,266,($18.11),,
10/12/15,65700,187,($356.39),,
10/12/15,86090,208,$428.18 ,,
10/12/15,66100,182,($4.35),,
10/12/15,62550,270,($30.73),,
10/12/15,66530,153,($5.10),,
10/12/15,61550,158,($229.87),,
10/12/15,61570,282,($221.94),,
10/12/15,61540,267,($5.34),,
10/12/15,86100,159,($25.02),,
10/12/15,73010,259,$217.36 ,,
10/12/15,65620,295,($5.44),,
10/12/15,73035,242,$30.95 ,,
10/12/15,65610,179,($230.49),,
10/12/15,86030,291,$24.55 ,,
10/12/15,73010,247,$192.61 ,,
10/12/15,68060,243,($55.46),,
10/12/15,65540,270,($27.17),,
10/12/15,63050,161,($113.14),,
10/12/15,62550,153,($41.14),,
10/12/15,65740,243,($910.24),,
10/12/15,83050,226,$426.04 ,,
10/12/15,65660,151,($21.71),,
10/12/15,61550,177,($83.08),,
10/12/15,86450,195,($30.02),,
10/12/15,73030,274,$109.92 ,,
10/12/15,62099,294,$12.36 ,,
10/12/15,65740,162,($317.86),,
10/12/15,61520,193,($188.84),,
10/12/15,61520,155,($100.71),,
10/12/15,62099,164,$13.85 ,,
10/12/15,66120,201,($1.86),,
10/12/15,66040,175,($32.22),,
10/12/15,61520,274,($541.71),,
10/12/15,66070,250,($6.09),,
10/12/15,65700,151,($245.02),,
10/12/15,65750,259,($824.32),,
10/12/15,61540,209,($6.79),,
10/12/15,86010,224,$9.54 ,,
10/12/15,62510,205,($184.98),,
10/12/15,62520,264,($107.35),,
10/12/15,66520,210,($16.81),,
10/12/15,65540,267,($16.67),,
10/12/15,73020,276,$32.54 ,,
10/12/15,68060,285,($67.59),,
10/12/15,62099,280,$28.33 ,,
10/12/15,61560,178,($34.95),,
10/12/15,73020,155,$124.99 ,,
10/12/15,65730,172,$6.60 ,,
10/12/15,66070,238,($4.98),,
10/12/15,65660,231,($27.14),,
10/13/15,64020,228,$2.38 ,,
10/13/15,86030,150,$268.89 ,,
10/13/15,61560,284,($46.60),,
10/13/15,62030,291,($64.79),,
10/13/15,61520,276,($151.07),,
10/13/15,72160,292,"$2,056.90 ",,
10/13/15,62030,222,($53.01),,
10/13/15,83060,240,$106.80 ,,
10/13/15,66040,157,($14.06),,
10/13/15,65700,193,($355.38),,
10/13/15,61570,205,($239.02),,
10/13/15,65750,267,"($1,442.56)",,
10/13/15,62560,284,($16.42),,
10/13/15,65660,209,($21.71),,
10/13/15,83020,170,$88.00 ,,
10/13/15,68060,249,($65.22),,
10/13/15,62010,201,($620.10),,
10/13/15,61570,275,($136.58),,
10/13/15,73010,232,$75.38 ,,
10/13/15,66080,248,($1.32),,
10/13/15,73020,228,$19.19 ,,
10/13/15,62010,295,($485.96),,
10/13/15,66140,225,($16.75),,
10/13/15,66020,217,($204.76),,
10/13/15,66040,155,($17.19),,
10/13/15,71180,198,($63.22),,
10/13/15,81010,280,$304.56 ,,
10/13/15,66520,288,($15.01),,
10/13/15,73020,245,$12.76 ,,
10/13/15,65760,187,($12.30),,
10/13/15,66510,259,($31.46),,
10/13/15,62020,184,($584.16),,
10/13/15,83020,228,$225.19 ,,
10/13/15,65600,195,($529.03),,
10/13/15,66090,241,($25.76),,
10/13/15,86100,251,$235.09 ,,
10/13/15,65730,223,$8.05 ,,
10/13/15,66050,226,($15.33),,
10/13/15,66030,176,($1.58),,
10/13/15,61570,180,($170.73),,
10/13/15,66140,181,($12.56),,
10/13/15,61520,268,($353.29),,
10/13/15,66080,230,($1.98),,
10/13/15,63050,154,($99.18),,
10/13/15,82010,198,$744.99 ,,
10/13/15,83020,253,$108.00 ,,
10/13/15,86040,262,$272.19 ,,
10/13/15,61510,190,($65.89),,
10/13/15,65610,198,($366.58),,
10/13/15,66070,256,($5.41),,
10/13/15,85010,258,$134.07 ,,
10/13/15,61560,160,($20.65),,
10/13/15,62030,212,($128.45),,
10/14/15,65590,170,($20.54),,
10/14/15,65660,268,($18.09),,
10/14/15,72100,264,$204.63 ,,
10/14/15,82050,292,$6.44 ,,
10/14/15,65730,293,$5.06 ,,
10/14/15,62510,178,($211.89),,
10/14/15,65620,281,($4.99),,
10/14/15,62530,192,($66.34),,
10/14/15,61510,181,($35.94),,
10/14/15,66140,298,($13.70),,
10/14/15,68060,186,($42.54),,
10/14/15,65590,211,($31.58),,
10/14/15,65900,180,($20.25),,
10/14/15,61530,196,($43.39),,
10/14/15,73050,169,$44.27 ,,
10/14/15,66130,209,($101.03),,
10/14/15,65600,266,"($1,009.96)",,
10/14/15,86360,283,$105.96 ,,
10/14/15,61570,284,($111.75),,
10/14/15,65550,207,($597.88),,
10/14/15,65660,236,($19.30),,
10/14/15,72040,284,$625.20 ,,
10/14/15,73050,232,$71.61 ,,
10/14/15,64020,288,$2.18 ,,
10/14/15,64000,204,$322.12 ,,
10/14/15,64000,166,$229.06 ,,
10/14/15,86010,258,$17.49 ,,
10/14/15,81280,256,$29.56 ,,
10/14/15,66130,155,($132.61),,
10/14/15,86290,256,$78.08 ,,
10/14/15,65690,194,($78.99),,
10/14/15,65540,269,($33.11),,
10/14/15,65620,273,($10.20),,
10/14/15,65570,238,($3.46),,
10/14/15,64010,266,$14.13 ,,
10/14/15,65570,292,($3.70),,
10/14/15,65550,255,($11.01),,
10/14/15,61550,164,($169.93),,
10/14/15,65700,160,($328.04),,
10/14/15,65590,167,($20.22),,
10/14/15,73010,286,$63.82 ,,
10/14/15,66510,244,($23.76),,
10/14/15,86280,172,$172.97 ,,
10/14/15,65550,192,($15.25),,
10/14/15,71240,251,$488.11 ,,
10/14/15,81180,224,"$1,168.02 ",,
10/14/15,66080,203,($0.99),,
10/14/15,66040,238,($25.78),,
10/14/15,66510,242,($19.36),,
10/14/15,62030,198,($91.75),,
10/14/15,62099,232,$18.88 ,,
10/14/15,73010,251,$213.32 ,,
10/14/15,62530,218,($70.76),,
10/15/15,66070,157,($8.72),,
10/15/15,71010,191,"$1,539.89 ",,
10/15/15,72110,151,"$3,830.71 ",,
10/15/15,83020,181,$360.40 ,,
10/15/15,65710,231,($550.05),,
10/15/15,66100,250,($3.26),,
10/15/15,73040,276,$289.98 ,,
10/15/15,66040,222,($18.62),,
10/15/15,62010,197,($761.04),,
10/15/15,65620,268,($9.52),,
10/15/15,66530,166,($4.46),,
10/15/15,66140,212,($11.17),,
10/15/15,65730,254,$4.05 ,,
10/15/15,63050,270,($83.69),,
10/15/15,72090,273,"$1,356.36 ",,
10/15/15,65740,212,($664.62),,
10/15/15,62510,259,($196.75),,
10/15/15,81270,221,$173.66 ,,
10/15/15,66110,191,($0.61),,
10/15/15,66070,220,($4.40),,
10/15/15,61530,181,($57.58),,
10/15/15,86010,186,$64.13 ,,
10/15/15,66140,240,($11.17),,
10/15/15,64000,251,$210.84 ,,
10/15/15,62010,192,($930.15),,
10/15/15,65730,177,$13.00 ,,
10/15/15,61550,177,($135.95),,
10/15/15,82060,179,$70.75 ,,
10/15/15,65540,157,($344.84),,
10/15/15,73020,234,$99.10 ,,
10/15/15,62530,285,($48.65),,
10/15/15,65730,280,($2.59),,
10/15/15,62550,250,($25.14),,
10/15/15,65540,214,($25.01),,
10/15/15,62020,255,($250.35),,
10/15/15,73050,216,$58.59 ,,
10/15/15,62020,266,($445.07),,
10/15/15,64020,232,$2.43 ,,
10/15/15,86200,160,$69.83 ,,
10/15/15,66080,223,($1.82),,
10/15/15,61560,218,($43.69),,
10/15/15,66140,174,($11.42),,
10/15/15,65610,150,($204.88),,
10/15/15,62099,285,$18.67 ,,
10/15/15,66520,282,($12.23),,
10/15/15,71030,282,$207.17 ,,
10/15/15,64010,219,$15.41 ,,
10/15/15,73060,181,$7.79 ,,
10/15/15,65760,260,($7.69),,
10/15/15,66120,175,($0.82),,
10/15/15,66530,280,($3.82),,
10/15/15,71160,241,$86.53 ,,
10/15/15,65600,223,($416.81),,
10/15/15,61510,226,($58.41),,
10/15/15,83070,176,$271.81 ,,
10/15/15,66140,252,($9.14),,
10/15/15,65660,255,($17.69),,
10/15/15,86040,226,$76.96 ,,
10/15/15,62010,294,($662.67),,
10/15/15,73020,210,$8.68 ,,
10/15/15,72020,228,"$2,497.44 ",,
10/15/15,83060,172,$58.25 ,,
10/15/15,82050,173,$4.29 ,,
10/15/15,68060,295,($63.81),,
10/15/15,65730,267,$7.43 ,,
10/15/15,66050,155,($13.68),,
10/15/15,71060,151,$175.33 ,,
10/15/15,65540,178,($18.68),,
10/15/15,65550,240,($15.59),,
10/15/15,66530,201,($3.37),,
10/15/15,72050,189,$128.22 ,,
10/15/15,66010,230,($7.58),,
10/15/15,66080,231,($2.03),,
10/15/15,62510,202,($181.62),,
10/15/15,66510,287,($17.16),,
10/15/15,66520,252,($18.21),,
10/15/15,65550,218,($16.63),,
10/15/15,65740,154,($462.34),,
10/15/15,72110,153,"$2,173.66 ",,
10/15/15,66050,223,($35.91),,
10/15/15,66120,170,($1.86),,
10/15/15,65740,273,($688.70),,
10/15/15,73040,227,$43.74 ,,
10/15/15,66080,167,($2.48),,
10/15/15,71310,265,"$4,014.84 ",,
10/15/15,65550,268,($26.68),,
10/15/15,65750,281,($732.73),,
10/15/15,62510,174,($166.48),,
10/15/15,73020,165,$494.86 ,,
10/15/15,61560,153,($19.06),,
10/15/15,66110,280,($0.67),,
10/15/15,61530,265,($55.22),,
10/15/15,81170,214,$50.60 ,,
10/15/15,66070,290,($6.64),,
10/15/15,65740,209,($317.86),,
10/15/15,81900,266,$498.25 ,,
10/15/15,86050,154,$92.10 ,,
10/15/15,84020,182,$371.39 ,,
10/15/15,65600,158,($480.93),,
10/15/15,62099,238,$17.00 ,,
10/15/15,61570,289,($149.00),,
10/15/15,66050,227,($30.66),,
10/15/15,65710,297,($585.05),,
10/15/15,62550,230,($58.66),,
10/15/15,61560,218,($25.24),,
10/15/15,66130,221,($63.15),,
10/15/15,73010,260,$25.30 ,,
10/15/15,86180,276,$24.90 ,,
10/15/15,65730,279,$6.08 ,,
10/15/15,71200,243,$67.31 ,,
10/15/15,64010,206,$26.27 ,,
10/15/15,65690,201,($84.48),,
10/15/15,66070,199,($8.02),,
10/15/15,66040,292,($28.12),,
10/15/15,66110,191,($0.31),,
10/15/15,66040,286,($35.15),,
10/15/15,66040,161,($30.08),,
10/15/15,71070,183,($14.36),,
10/15/15,73035,150,$74.47 ,,
10/15/15,71060,290,$95.64 ,,
10/15/15,66080,289,($1.98),,
10/15/15,72110,207,"$2,553.81 ",,
10/15/15,72040,202,"$1,090.53 ",,
10/15/15,65600,150,($393.49),,
10/15/15,62010,228,($697.62),,
10/15/15,62030,252,($112.14),,
10/15/15,72010,210,"$2,008.93 ",,
10/15/15,62020,262,($417.26),,
10/15/15,61560,172,($30.98),,
10/15/15,64000,267,$450.97 ,,
10/15/15,62530,273,($92.87),,
10/15/15,66140,261,($13.96),,
10/15/15,66120,250,($1.24),,
10/15/15,86010,150,$12.16 ,,
10/15/15,71020,261,"$1,125.58 ",,
10/15/15,62560,185,($10.08),,
10/15/15,81260,274,$2.89 ,,
10/15/15,66090,166,($23.09),,
10/15/15,66090,219,($44.07),,
10/15/15,66140,153,($9.14),,
10/15/15,64010,280,$20.55 ,,
10/15/15,86200,295,$29.38 ,,
10/15/15,73060,217,$10.26 ,,
10/15/15,72140,186,$747.88 ,,
10/15/15,81200,265,$3.32 ,,
10/15/15,86050,173,$50.24 ,,
10/15/15,62010,224,($465.08),,
10/15/15,65570,245,($2.16),,
10/15/15,66020,160,($293.18),,
10/15/15,62030,273,($157.00),,
10/15/15,62030,259,($61.17),,
10/15/15,66100,198,($7.61),,
10/15/15,62530,242,($46.85),,
10/15/15,71170,286,$972.24 ,,
10/15/15,64010,213,$25.04 ,,
10/15/15,73020,235,$81.08 ,,
10/15/15,65700,161,($410.05),,
10/15/15,86280,240,$112.75 ,,
10/15/15,81100,160,$138.24 ,,
10/15/15,66040,242,($34.37),,
10/15/15,65590,160,($27.57),,
10/15/15,68060,200,($77.99),,
10/15/15,61540,190,($42.58),,
10/15/15,66050,257,($20.90),,
10/15/15,62510,178,($151.35),,
10/15/15,65600,193,($352.68),,
10/15/15,86180,171,$33.00 ,,
10/15/15,73010,176,$13.88 ,,
10/15/15,86020,184,$13.10 ,,
10/15/15,71325,297,($536.46),,
10/15/15,66550,255,$0.68 ,,
10/15/15,73050,194,$43.66 ,,
10/15/15,66090,237,($17.17),,
10/15/15,65730,293,$7.43 ,,
10/15/15,66110,213,($0.50),,
10/15/15,66530,244,($6.69),,
10/15/15,65700,174,($400.94),,
10/15/15,81230,200,$24.15 ,,
10/15/15,65600,217,($341.02),,
10/15/15,66140,226,($10.23),,
10/15/15,62099,191,$20.09 ,,
10/15/15,66130,174,($108.05),,
10/15/15,66520,235,($12.23),,
10/15/15,65900,296,($14.85),,
10/15/15,65550,272,($17.79),,
10/15/15,80990,152,"$1,479.19 ",,
10/15/15,66030,179,($3.40),,
10/15/15,64020,184,$2.97 ,,
10/15/15,64020,279,$1.73 ,,
10/15/15,66070,167,($3.04),,
10/15/15,81210,193,$50.83 ,,
10/15/15,62030,183,($324.47),,
10/15/15,65730,259,$10.63 ,,
10/15/15,61570,221,($167.62),,
10/15/15,66040,262,($12.89),,
10/15/15,83060,261,$87.38 ,,
10/15/15,66110,207,($0.46),,
10/15/15,61520,256,($103.00),,
10/16/15,65690,242,($96.54),,
10/16/15,65730,171,$9.90 ,,
10/16/15,66040,201,($15.75),,
10/16/15,71070,181,($11.70),,
10/16/15,86100,166,$196.57 ,,
10/16/15,65620,222,($5.93),,
10/16/15,73020,280,$39.77 ,,
10/16/15,61530,161,($41.78),,
10/16/15,72090,271,"$1,657.78 ",,
10/16/15,66100,223,($8.69),,
10/16/15,73040,230,$35.64 ,,
10/16/15,73050,281,$5.94 ,,
10/16/15,73010,246,$145.08 ,,
10/16/15,65690,298,($78.44),,
10/16/15,81330,270,$54.59 ,,
10/16/15,68060,236,($31.19),,
10/16/15,71170,274,$795.47 ,,
10/16/15,62560,199,($21.56),,
10/16/15,66100,152,($7.06),,
10/16/15,66010,217,($8.23),,
10/16/15,86010,171,$96.19 ,,
10/16/15,66030,184,($1.62),,
10/16/15,86040,227,$51.31 ,,
10/16/15,62520,228,($99.09),,
10/16/15,65750,273,($549.54),,
10/16/15,66120,189,($1.39),,
10/16/15,72130,168,"$3,517.12 ",,
10/16/15,62530,266,($35.38),,
10/16/15,86150,266,$92.01 ,,
10/16/15,65540,231,($38.20),,
10/16/15,65620,243,($7.25),,
10/16/15,81090,175,$811.68 ,,
10/16/15,65650,209,($48.14),,
10/16/15,65740,224,($650.17),,
10/16/15,65710,271,($360.03),,
10/16/15,66010,284,($5.66),,
10/16/15,65540,224,($25.01),,
10/16/15,72060,246,"$2,125.50 ",,
10/16/15,65660,232,($102.30),,
10/16/15,62099,238,$15.45 ,,
10/16/15,65700,280,($620.86),,
10/16/15,73040,167,$53.46 ,,
10/16/15,61540,167,($3.18),,
10/16/15,61540,267,($5.17),,
10/16/15,71240,226,$399.36 ,,
10/16/15,71020,205,$917.14 ,,
10/16/15,66090,166,($13.74),,
10/16/15,66130,190,($50.52),,
10/16/15,86350,184,$76.33 ,,
10/16/15,72130,292,"$1,770.79 ",,
10/16/15,71020,249,$933.83 ,,
10/16/15,61540,247,($7.76),,
10/16/15,65710,213,($880.08),,
10/17/15,66090,235,($16.79),,
10/17/15,66030,217,($1.98),,
10/17/15,66030,277,($2.57),,
10/17/15,83060,241,$58.25 ,,
10/17/15,62099,275,$24.72 ,,
10/17/15,64020,161,$1.45 ,,
10/17/15,73060,283,$6.35 ,,
10/17/15,65750,219,($686.93),,
10/17/15,72060,295,"$2,597.84 ",,
10/17/15,81350,172,$15.55 ,,
10/17/15,64020,201,$3.40 ,,
10/17/15,62560,205,($13.44),,
10/17/15,66110,192,($0.61),,
10/17/15,61570,282,($182.11),,
10/17/15,65550,166,($8.32),,
10/17/15,72140,183,$705.17 ,,
10/17/15,82070,210,$15.26 ,,
10/17/15,62530,231,($39.64),,
10/17/15,66510,218,($14.52),,
10/17/15,65620,249,($4.08),,
10/17/15,65660,242,($33.17),,
10/17/15,66520,286,($24.46),,
10/17/15,64020,207,$2.11 ,,
10/17/15,66020,272,($273.02),,
10/17/15,86010,228,$104.94 ,,
10/17/15,86150,230,$74.97 ,,
10/17/15,66050,278,($33.44),,
10/17/15,73020,226,$143.65 ,,
10/17/15,86030,274,$146.67 ,,
10/17/15,86450,277,($45.03),,
10/17/15,85010,184,$109.24 ,,
10/17/15,65730,295,$4.54 ,,
10/17/15,81230,235,$29.52 ,,
10/17/15,84020,216,$303.86 ,,
10/17/15,65650,261,($41.72),,
10/17/15,73035,291,$42.24 ,,
10/17/15,73050,190,$36.93 ,,
10/17/15,82040,160,$66.13 ,,
10/17/15,61570,296,($139.69),,
10/17/15,62020,192,($625.88),,
10/17/15,61520,186,($151.07),,
10/17/15,71190,234,$69.23 ,,
10/17/15,65610,202,($153.66),,
10/17/15,65650,287,($47.07),,
10/17/15,73030,284,$451.05 ,,
10/17/15,65750,178,($487.10),,
10/17/15,66010,232,($7.72),,
10/17/15,65750,205,"($1,030.40)",,
10/17/15,62510,178,($131.17),,
10/17/15,62030,278,($79.52),,
10/17/15,73030,180,$737.51 ,,
10/17/15,61530,253,($82.83),,
10/17/15,65700,211,($701.65),,
10/18/15,66100,180,($5.43),,
10/18/15,65550,274,($10.16),,
10/18/15,66020,245,($272.24),,
10/18/15,65760,213,($9.43),,
10/18/15,65650,270,($51.35),,
10/18/15,62530,258,($44.23),,
10/18/15,65740,273,($565.09),,
10/18/15,81190,174,$10.96 ,,
10/18/15,65600,297,($550.89),,
10/18/15,86050,169,$168.21 ,,
10/18/15,63050,156,($88.90),,
10/18/15,65570,285,($2.11),,
10/18/15,68060,255,($51.05),,
10/18/15,81260,283,$4.33 ,,
10/18/15,73050,214,$81.17 ,,
10/18/15,66070,199,($4.57),,
10/18/15,62010,168,($665.91),,
10/18/15,61540,220,($5.55),,
10/18/15,65620,250,($8.84),,
10/18/15,65660,228,($14.47),,
10/18/15,86450,227,($55.03),,
10/18/15,66130,173,($50.52),,
10/18/15,81180,248,"$1,427.58 ",,
10/18/15,66520,166,($18.34),,
10/18/15,65690,172,($90.51),,
10/18/15,66140,262,($14.84),,
10/18/15,62530,167,($43.24),,
10/18/15,86200,290,$28.60 ,,
10/18/15,61510,213,($47.92),,
10/18/15,72100,248,$111.62 ,,
10/18/15,65750,171,"($1,099.09)",,
10/18/15,72020,239,"$4,068.77 ",,
10/18/15,86400,272,($0.10),,
10/18/15,82010,189,$406.36 ,,
10/18/15,66510,240,($38.72),,
10/18/15,66110,278,($0.45),,
10/18/15,61550,175,($113.29),,
10/18/15,86135,201,$1.80 ,,
10/18/15,66020,255,($204.76),,
10/18/15,62520,216,($99.09),,
10/18/15,65740,233,($433.45),,
10/18/15,73020,167,$121.63 ,,
10/18/15,61550,229,($147.69),,
10/18/15,66120,250,($2.02),,
10/18/15,72160,204,"$2,513.99 ",,
10/18/15,62550,173,($54.85),,
10/18/15,71190,238,$84.62 ,,
10/18/15,62030,273,($85.64),,
10/18/15,62520,217,($131.75),,
10/18/15,83020,270,$72.00 ,,
10/18/15,66040,261,($24.61),,
10/18/15,86050,283,$252.31 ,,
10/18/15,66120,216,($2.66),,
10/19/15,66110,259,($0.72),,
10/19/15,65570,203,($2.30),,
10/19/15,65610,274,($499.88),,
10/19/15,62550,282,($35.06),,
10/19/15,62020,294,($500.71),,
10/19/15,73030,187,$676.57 ,,
10/19/15,65710,265,($675.06),,
10/19/15,65740,187,($520.14),,
10/19/15,66520,244,($17.51),,
10/19/15,81280,195,$32.21 ,,
10/19/15,64010,247,$25.11 ,,
10/19/15,65710,153,($390.04),,
10/19/15,62020,220,($443.81),,
10/19/15,71560,233,$72.00 ,,
10/19/15,65590,271,($29.33),,
10/19/15,65690,264,($54.45),,
10/19/15,62020,269,($333.81),,
10/19/15,73010,177,$128.40 ,,
10/19/15,61510,168,($62.90),,
10/19/15,65700,271,($404.91),,
10/19/15,66050,246,($27.36),,
10/19/15,71550,297,($267.44),,
10/19/15,62530,277,($86.49),,
10/19/15,80990,203,"$1,815.37 ",,
10/19/15,64000,273,$140.56 ,,
10/19/15,62510,154,($397.50),,
10/19/15,66110,209,($0.41),,
10/19/15,86135,225,$3.30 ,,
10/19/15,66510,153,($26.62),,
10/19/15,61520,280,($134.29),,
10/19/15,82050,241,$86.33 ,,
10/19/15,62530,166,($57.66),,
10/19/15,61550,172,($120.84),,
10/19/15,86010,156,$157.42 ,,
10/19/15,65570,194,($3.96),,
10/19/15,65690,181,($72.41),,
10/19/15,62020,212,($273.11),,
10/19/15,72140,192,$865.44 ,,
10/19/15,64000,197,$171.80 ,,
10/19/15,65600,289,($299.98),,
10/19/15,73050,158,$11.39 ,,
10/19/15,86020,285,$57.66 ,,
10/19/15,83010,194,$39.48 ,,
10/19/15,65700,173,($291.59),,
10/19/15,66030,251,($1.19),,
10/19/15,86010,188,$29.16 ,,
10/19/15,63050,260,($85.96),,
10/19/15,62020,165,($364.15),,
10/19/15,72090,179,"$1,105.19 ",,
10/19/15,66510,280,($27.72),,
10/19/15,73050,227,$53.36 ,,
10/19/15,86040,218,$9.09 ,,
10/19/15,63050,288,($114.12),,
10/20/15,66120,195,($3.04),,
10/20/15,86100,213,($18.24),,
10/20/15,66050,160,($23.94),,
10/20/15,66010,154,($7.58),,
10/20/15,86040,207,$62.97 ,,
10/20/15,73050,168,$5.89 ,,
10/20/15,62020,193,($375.53),,
10/20/15,65600,236,($472.19),,
10/20/15,66520,218,($18.34),,
10/20/15,71050,221,$158.38 ,,
10/20/15,65700,217,($467.77),,
10/20/15,66110,176,($0.41),,
10/20/15,66140,234,($15.99),,
10/20/15,65750,278,($554.14),,
10/20/15,64000,295,$152.27 ,,
10/20/15,68060,249,($59.55),,
10/20/15,66130,298,($75.78),,
10/20/15,62030,213,($73.40),,
10/20/15,81180,283,"$1,752.03 ",,
10/20/15,65660,271,($15.68),,
10/20/15,66130,290,($67.36),,
10/20/15,64020,192,$2.11 ,,
10/20/15,81190,192,$8.96 ,,
10/20/15,65590,247,($36.09),,
10/20/15,62560,259,($12.60),,
10/20/15,66530,276,($2.55),,
10/20/15,65570,278,($2.59),,
10/20/15,68060,274,($109.18),,
10/20/15,81200,230,$6.65 ,,
10/20/15,65750,185,($899.25),,
10/20/15,72999,210,($281.89),,
10/20/15,61540,205,($5.82),,
10/20/15,65600,242,($314.79),,
10/20/15,71030,167,$254.25 ,,
10/20/15,61510,179,($58.57),,
10/20/15,64020,292,$3.17 ,,
10/20/15,65650,265,($334.56),,
10/20/15,64000,171,$175.70 ,,
10/20/15,65760,237,($6.29),,
10/20/15,65540,170,($18.06),,
10/20/15,73050,202,$65.49 ,,
10/20/15,62020,244,($716.92),,
10/20/15,65750,193,($786.85),,
10/20/15,86270,222,$83.24 ,,
10/20/15,72090,278,$904.24 ,,
10/20/15,66120,253,($1.35),,
10/20/15,73050,191,$107.42 ,,
10/20/15,62030,276,($119.62),,
10/20/15,66040,285,($22.92),,
10/20/15,66520,159,($16.26),,
10/20/15,62020,180,($876.24),,
10/20/15,66510,239,($17.75),,
10/20/15,62530,201,($53.07),,
10/21/15,86280,156,$92.25 ,,
10/21/15,62099,181,$16.37 ,,
10/21/15,73010,166,$92.51 ,,
10/21/15,65550,202,($815.29),,
10/21/15,65590,194,($38.60),,
10/21/15,61510,164,($81.22),,
10/21/15,86050,254,$99.80 ,,
10/21/15,81170,172,$42.89 ,,
10/21/15,66520,219,($20.01),,
10/21/15,66130,259,($56.60),,
10/21/15,81220,249,$164.37 ,,
10/21/15,68060,215,($68.06),,
10/21/15,61530,173,($120.40),,
10/21/15,62010,266,($507.36),,
10/21/15,66120,203,($1.71),,
10/21/15,61530,151,($53.03),,
10/21/15,65690,243,($64.36),,
10/21/15,86290,151,$214.51 ,,
10/21/15,65570,283,($2.59),,
10/21/15,61510,181,($110.76),,
10/21/15,62010,170,($380.52),,
10/21/15,66020,237,($307.14),,
10/21/15,65700,216,($296.93),,
10/21/15,73020,180,$187.49 ,,
10/21/15,65660,156,($28.74),,
10/21/15,65610,159,($352.14),,
10/21/15,62020,241,($333.81),,
10/21/15,71299,215,($8.86),,
10/21/15,64000,237,$128.85 ,,
10/21/15,71310,157,"$3,592.98 ",,
10/21/15,83070,248,$332.21 ,,
10/21/15,66520,182,($10.01),,
10/21/15,62099,250,$39.66 ,,
10/21/15,62520,250,($87.83),,
10/21/15,62520,247,($90.84),,
10/21/15,66080,297,($1.43),,
10/21/15,62530,208,($59.46),,
10/21/15,65540,194,($528.75),,
10/21/15,86010,285,$484.13 ,,
10/21/15,64010,187,$49.44 ,,
10/21/15,61530,248,($78.52),,
10/21/15,65760,179,($8.18),,
10/21/15,73020,155,$48.80 ,,
10/21/15,61550,212,($124.62),,
10/21/15,86050,201,$50.79 ,,
10/21/15,65550,198,($9.32),,
10/21/15,61530,180,($62.67),,
10/21/15,71240,176,"$1,064.50 ",,
10/21/15,86150,222,$112.45 ,,
10/21/15,65730,296,$8.10 ,,
10/21/15,65740,278,($741.68),,
10/21/15,86040,267,$41.98 ,,
10/21/15,86010,236,$14.31 ,,
10/22/15,86050,190,$99.14 ,,
10/22/15,66050,276,($18.24),,
10/22/15,73035,157,$56.44 ,,
10/22/15,66130,254,($115.77),,
10/22/15,62550,265,($47.81),,
10/22/15,72130,232,"$2,344.74 ",,
10/22/15,66020,168,($230.36),,
10/22/15,72060,198,"$1,731.89 ",,
10/22/15,62099,186,$11.33 ,,
10/22/15,81100,186,$271.00 ,,
10/22/15,65540,175,($20.84),,
10/22/15,61510,271,($53.91),,
10/22/15,65730,259,$4.95 ,,
10/22/15,81090,204,$661.37 ,,
10/22/15,65750,237,($674.44),,
10/22/15,61560,189,($37.86),,
10/22/15,66100,249,($4.71),,
10/22/15,61520,214,($123.60),,
10/22/15,66530,236,($4.14),,
10/22/15,73060,209,$6.84 ,,
10/22/15,86350,242,$93.29 ,,
10/22/15,65620,185,($8.16),,
10/22/15,66110,231,($0.51),,
10/22/15,86200,281,$128.02 ,,
10/22/15,71030,187,$278.85 ,,
10/22/15,66010,288,($13.27),,
10/22/15,66100,209,($9.33),,
10/22/15,64000,252,$235.45 ,,
10/22/15,62099,175,$13.69 ,,
10/22/15,65710,297,($450.04),,
10/22/15,61530,286,($57.85),,
10/22/15,66510,158,($36.30),,
10/22/15,62550,208,($67.04),,
10/22/15,71080,270,$0.50 ,,
10/22/15,66130,185,($61.74),,
10/22/15,63050,176,($129.31),,
10/22/15,83020,289,$275.23 ,,
10/22/15,62560,277,($17.43),,
10/22/15,81280,271,$24.18 ,,
10/22/15,65760,251,($6.92),,
10/22/15,66100,237,($3.85),,
10/22/15,62099,287,$20.77 ,,
10/22/15,62030,163,($97.19),,
10/22/15,62560,269,($8.90),,
10/22/15,81220,192,$301.34 ,,
10/22/15,66100,271,($5.34),,
10/22/15,61540,212,($8.33),,
10/22/15,66030,166,($1.78),,
10/22/15,65660,253,($26.53),,
10/22/15,61550,236,($237.91),,
10/22/15,65650,212,($67.40),,
10/22/15,61510,294,($44.93),,
10/22/15,71190,223,$126.93 ,,
10/22/15,73050,250,$13.66 ,,
10/22/15,62530,151,($64.86),,
10/22/15,86290,173,$367.61 ,,
10/22/15,71550,291,($217.91),,
10/22/15,64000,260,$157.48 ,,
10/22/15,62520,215,($212.83),,
10/22/15,65570,297,($2.81),,
10/22/15,64010,254,$20.41 ,,
10/22/15,66020,232,($251.30),,
10/22/15,62560,163,($12.32),,
10/22/15,66130,178,($123.49),,
10/22/15,61510,243,($53.91),,
10/22/15,64020,193,$3.57 ,,
10/22/15,62020,287,($341.39),,
10/22/15,66530,171,($8.18),,
10/22/15,81090,232,$649.47 ,,
10/22/15,65620,277,($6.12),,
10/22/15,65760,257,($10.76),,
10/22/15,65690,177,($74.06),,
10/22/15,65750,267,($599.50),,
10/22/15,61570,207,($358.53),,
10/22/15,61540,268,($5.82),,
10/22/15,61560,271,($19.06),,
10/22/15,66510,203,($19.80),,
10/22/15,65600,256,($577.12),,
10/22/15,62099,265,$22.66 ,,
10/22/15,71310,212,"$1,959.81 ",,
10/22/15,61540,154,($3.44),,
10/22/15,66140,225,($18.27),,
10/22/15,65600,223,($384.74),,
10/22/15,81190,229,$1.16 ,,
10/22/15,62510,223,($221.98),,
10/22/15,61570,152,($204.87),,
10/22/15,73020,284,$19.62 ,,
10/22/15,73050,275,$3.96 ,,
10/22/15,65740,196,($388.50),,
10/22/15,65730,157,$5.36 ,,
10/22/15,66520,246,($26.27),,
10/22/15,66080,154,($2.84),,
10/22/15,66010,248,($4.63),,
10/22/15,65620,227,($4.45),,
10/22/15,65610,193,($203.46),,
10/22/15,64010,177,$23.54 ,,
10/22/15,71080,216,$10.86 ,,
10/22/15,86100,178,$149.19 ,,
10/22/15,65690,276,($60.34),,
10/22/15,62520,241,($141.89),,
10/22/15,81230,161,$44.28 ,,
10/22/15,86100,251,$100.91 ,,
10/22/15,86010,225,$191.84 ,,
10/22/15,84020,285,$155.58 ,,
10/22/15,73050,239,$4.84 ,,
10/22/15,65650,244,($76.49),,
10/22/15,61520,269,($89.27),,
10/22/15,65540,201,($25.47),,
10/22/15,65700,188,($267.30),,
10/22/15,66520,292,($13.25),,
10/22/15,62550,259,($36.31),,
10/22/15,66070,210,($4.06),,
10/22/15,64010,204,$30.61 ,,
10/22/15,66080,235,($1.76),,
10/22/15,65660,272,($30.95),,
10/22/15,80990,156,"$1,492.66 ",,
10/22/15,65650,296,($52.96),,
10/22/15,86400,275,($0.12),,
10/22/15,73035,260,$23.04 ,,
10/22/15,66030,231,($2.77),,
10/22/15,86040,205,$368.12 ,,
10/22/15,85510,190,$888.87 ,,
10/22/15,61570,257,($125.20),,
10/22/15,62010,297,($426.32),,
10/22/15,61540,239,($4.76),,
10/22/15,62510,150,($147.99),,
10/22/15,86020,237,$54.38 ,,
10/22/15,62550,230,($54.47),,
10/22/15,66520,244,($18.76),,
10/22/15,73010,234,$4.99 ,,
10/22/15,86020,281,$47.17 ,,
10/22/15,86180,282,$24.90 ,,
10/22/15,65590,219,($24.82),,
10/22/15,63050,254,($169.72),,
10/22/15,73020,296,$329.91 ,,
10/22/15,66080,172,($7.25),,
10/22/15,66510,283,($41.58),,
10/22/15,65540,285,($43.76),,
10/22/15,65540,200,($31.26),,
10/22/15,65590,236,($33.84),,
10/22/15,66140,159,($19.54),,
10/22/15,62099,234,$24.55 ,,
10/22/15,66040,281,($45.11),,
10/22/15,65620,256,($296.55),,
10/22/15,72010,259,"$2,294.17 ",,
10/22/15,61570,173,($272.52),,
10/22/15,66080,234,($3.47),,
10/22/15,65600,213,($432.84),,
10/22/15,68060,241,($41.59),,
10/22/15,61540,243,($4.85),,
10/22/15,72140,235,$576.96 ,,
10/22/15,65710,249,($715.07),,
10/22/15,66530,193,($2.86),,
10/22/15,65690,153,($72.41),,
10/22/15,85010,173,$89.38 ,,
10/22/15,65620,189,($6.67),,
10/22/15,73030,210,$89.56 ,,
10/22/15,61560,276,($35.75),,
10/22/15,73020,207,$102.27 ,,
10/22/15,66050,210,($22.23),,
10/22/15,64010,280,$17.27 ,,
10/22/15,86100,171,($14.92),,
10/22/15,65650,205,($57.77),,
10/22/15,65730,173,$6.19 ,,
10/22/15,61540,293,($4.23),,
10/22/15,64020,154,$2.77 ,,
10/22/15,65570,188,($2.11),,
10/22/15,64020,227,$1.19 ,,
10/22/15,61520,162,($82.40),,
10/22/15,84020,291,$247.59 ,,
10/22/15,62530,245,($81.08),,
10/22/15,68060,218,($45.06),,
10/22/15,62520,155,($198.19),,
10/22/15,62030,239,($97.87),,
10/22/15,81050,151,"$1,034.16 ",,
10/22/15,86010,188,$11.66 ,,
10/22/15,71160,178,$129.80 ,,
10/22/15,62099,248,$12.36 ,,
10/22/15,62540,186,$0.96 ,,
10/22/15,65690,201,($48.27),,
10/22/15,66510,249,($25.74),,
10/22/15,64010,170,$28.25 ,,
10/22/15,61570,287,($153.65),,
10/22/15,65520,282,($53.94),,
10/22/15,65700,243,($273.37),,
10/22/15,66530,208,($4.28),,
10/22/15,65610,158,($305.18),,
10/22/15,66010,221,($10.11),,
10/22/15,66080,152,($1.21),,
10/22/15,86010,171,$115.44 ,,
10/22/15,71240,277,$732.16 ,,
10/22/15,65600,194,($629.58),,
10/22/15,73030,185,$37.54 ,,
10/22/15,66100,170,($6.52),,
10/22/15,64000,249,$228.41 ,,
10/22/15,86360,173,$129.51 ,,
10/22/15,65700,198,($218.70),,
10/22/15,73010,150,$177.02 ,,
10/23/15,62010,209,($998.86),,
10/23/15,62520,224,($81.08),,
10/23/15,66050,295,($16.72),,
10/23/15,83050,260,$229.90 ,,
10/23/15,86030,231,$95.83 ,,
10/23/15,66020,170,($383.93),,
10/23/15,71060,193,$143.45 ,,
10/23/15,65710,225,($540.05),,
10/23/15,65710,209,($495.05),,
10/23/15,73050,254,$10.44 ,,
10/23/15,86350,207,$139.94 ,,
10/23/15,86040,283,$7.40 ,,
10/23/15,73035,235,$114.98 ,,
10/23/15,61570,151,($111.75),,
10/23/15,66040,296,($26.37),,
10/23/15,66040,212,($17.58),,
10/23/15,66510,280,($23.76),,
10/23/15,81050,236,"$1,269.20 ",,
10/23/15,62020,286,"($1,104.64)",,
10/23/15,62010,154,($465.08),,
10/23/15,62010,274,($380.52),,
10/23/15,63050,273,($64.65),,
10/23/15,71020,287,"$1,375.71 ",,
10/23/15,65550,247,($13.55),,
10/23/15,81270,172,$142.09 ,,
10/23/15,81110,257,$86.45 ,,
10/23/15,73050,175,$13.05 ,,
10/23/15,64020,173,$1.72 ,,
10/23/15,65740,158,($520.14),,
10/23/15,65710,198,($527.16),,
10/23/15,65620,199,($8.16),,
10/23/15,66080,227,($1.89),,
10/23/15,66510,290,($58.65),,
10/23/15,65550,264,($21.83),,
10/23/15,63050,262,($138.86),,
10/23/15,65710,269,($386.59),,
10/23/15,86100,244,$14.71 ,,
10/23/15,62099,206,$16.48 ,,
10/23/15,64010,250,$28.90 ,,
10/23/15,66130,278,($75.78),,
10/23/15,85010,198,$163.86 ,,
10/23/15,62510,251,($135.65),,
10/23/15,65750,153,($674.44),,
10/23/15,62550,213,($27.42),,
10/23/15,61520,265,($113.30),,
10/23/15,61540,283,($10.18),,
10/23/15,65690,174,($49.37),,
10/23/15,65690,162,($126.72),,
10/23/15,73010,263,$20.70 ,,
10/23/15,66520,185,($11.21),,
10/23/15,61550,243,($101.54),,
10/23/15,62520,172,($139.75),,
10/23/15,66040,209,($15.23),,
10/24/15,66020,250,($209.42),,
10/24/15,66140,254,($23.98),,
10/24/15,65760,253,($5.03),,
10/24/15,62020,274,($458.98),,
10/24/15,81110,158,$129.68 ,,
10/24/15,61510,155,($35.94),,
10/24/15,73050,276,$16.76 ,,
10/24/15,65700,247,($437.39),,
10/24/15,66050,209,($29.26),,
10/24/15,62020,228,($810.07),,
10/24/15,68060,230,($34.03),,
10/24/15,65550,206,($8.32),,
10/24/15,62510,239,($147.99),,
10/24/15,65750,213,($730.64),,
10/24/15,62530,211,($54.05),,
10/24/15,66530,193,($2.34),,
10/24/15,65600,157,($826.33),,
10/24/15,62560,224,($8.21),,
10/24/15,61530,188,($38.57),,
10/24/15,86040,161,$11.10 ,,
10/24/15,81190,208,$16.43 ,,
10/24/15,66530,208,($3.19),,
10/24/15,61550,256,($181.26),,
10/24/15,65600,191,($384.74),,
10/24/15,65740,165,($582.75),,
10/24/15,62550,245,($47.99),,
10/24/15,86330,195,$406.05 ,,
10/24/15,71560,224,$88.00 ,,
10/24/15,62099,277,$30.21 ,,
10/24/15,62510,227,($190.11),,
10/24/15,82040,297,$54.11 ,,
10/24/15,66530,226,($4.67),,
10/24/15,72010,186,"$3,013.40 ",,
10/24/15,62520,166,($121.62),,
10/24/15,82040,226,$52.99 ,,
10/24/15,65570,203,($2.64),,
10/24/15,85510,276,$727.26 ,,
10/24/15,65540,233,($30.56),,
10/24/15,64020,295,$4.87 ,,
10/24/15,81900,271,$747.38 ,,
10/24/15,73040,196,$354.42 ,,
10/24/15,73040,197,$193.32 ,,
10/24/15,61540,206,($7.27),,
10/24/15,66010,180,($6.18),,
10/24/15,65710,257,($476.71),,
10/24/15,86020,156,$5.62 ,,
10/24/15,65760,251,($8.20),,
10/24/15,64020,229,$1.94 ,,
10/24/15,86140,178,$2.03 ,,
10/24/15,73020,168,$5.78 ,,
10/24/15,62510,260,($258.98),,
10/24/15,73050,239,$4.82 ,,
10/24/15,66130,242,($82.09),,
10/25/15,86100,213,$294.86 ,,
10/25/15,65690,275,($66.38),,
10/25/15,66020,237,($221.83),,
10/25/15,65590,292,($57.90),,
10/25/15,71060,244,$116.89 ,,
10/25/15,65570,195,($3.02),,
10/25/15,73020,235,$403.22 ,,
10/25/15,62530,192,($75.68),,
10/25/15,62550,199,($87.98),,
10/25/15,66050,201,($25.65),,
10/25/15,65760,152,($6.71),,
10/25/15,61530,155,($28.93),,
10/25/15,73010,195,$217.63 ,,
10/25/15,66140,202,($14.89),,
10/25/15,62010,169,($581.35),,
10/25/15,71560,232,($60.56),,
10/25/15,61550,165,($193.85),,
10/25/15,66040,205,($25.78),,
10/25/15,61520,287,($109.11),,
10/25/15,73030,243,$359.78 ,,
10/25/15,66510,271,($29.04),,
10/25/15,65730,248,($1.69),,
10/25/15,73010,155,$222.16 ,,
10/25/15,73020,213,$15.66 ,,
10/25/15,82060,158,$3.01 ,,
10/25/15,66040,253,($53.90),,
10/25/15,66020,246,($358.34),,
10/25/15,71550,264,($178.29),,
10/25/15,66080,260,($1.08),,
10/25/15,65690,213,($39.93),,
10/25/15,65710,176,($440.04),,
10/25/15,65540,213,($40.75),,
10/25/15,62530,198,($113.51),,
10/25/15,73030,298,$134.35 ,,
10/25/15,62010,174,($813.89),,
10/25/15,81270,232,$260.49 ,,
10/25/15,61530,297,($63.11),,
10/25/15,86180,195,$18.00 ,,
10/25/15,63050,197,($57.31),,
10/25/15,65570,168,($5.54),,
10/25/15,65620,256,($5.44),,
10/25/15,62020,272,($409.67),,
10/25/15,65760,294,($6.15),,
10/25/15,73020,151,$10.44 ,,
10/25/15,65690,178,($64.18),,
10/25/15,66030,259,($1.30),,
10/25/15,65710,251,($540.05),,
10/25/15,61540,202,($2.91),,
10/25/15,61520,173,($109.87),,
10/25/15,65710,257,($630.06),,
10/25/15,84020,275,$190.94 ,,
10/25/15,86330,228,$781.77 ,,
10/25/15,66030,225,($1.45),,
10/26/15,66010,203,($6.32),,
10/26/15,86200,164,$227.87 ,,
10/26/15,73050,273,$11.17 ,,
10/26/15,86010,239,$78.38 ,,
10/26/15,66030,225,($2.38),,
10/26/15,62560,190,($13.35),,
10/26/15,86270,159,$68.10 ,,
10/26/15,65540,165,($27.09),,
10/26/15,65650,233,($70.61),,
10/26/15,65750,167,($406.37),,
10/26/15,62530,266,($64.86),,
10/26/15,62010,252,($697.62),,
10/26/15,83050,181,$284.02 ,,
10/26/15,72120,219,"$2,986.90 ",,
10/26/15,73030,167,$319.01 ,,
10/26/15,65610,259,($492.99),,
10/26/15,86010,291,$9.95 ,,
10/26/15,66520,157,($32.10),,
10/26/15,62030,155,($65.25),,
10/26/15,86050,236,$60.89 ,,
10/26/15,64010,194,$26.97 ,,
10/26/15,71299,162,($22.66),,
10/26/15,86040,221,$6.06 ,,
10/26/15,61520,238,($75.54),,
10/26/15,65660,209,($16.21),,
10/26/15,66140,258,($20.94),,
10/26/15,66130,151,($66.89),,
10/26/15,66110,213,($0.33),,
10/26/15,62560,264,($8.21),,
10/26/15,86030,289,$20.01 ,,
10/26/15,65730,296,($1.24),,
10/26/15,62510,265,($295.97),,
10/26/15,62099,205,$23.18 ,,
10/26/15,62560,163,($10.08),,
10/26/15,66530,174,($4.67),,
10/26/15,61520,261,($133.90),,
10/26/15,65620,193,($7.79),,
10/26/15,81270,174,$213.13 ,,
10/26/15,65760,169,($9.64),,
10/26/15,73050,168,$15.95 ,,
10/26/15,65750,238,($449.63),,
10/26/15,71200,241,$180.77 ,,
10/26/15,65550,267,"($1,250.11)",,
10/26/15,65570,187,($1.73),,
10/26/15,86030,210,$30.01 ,,
10/26/15,62520,204,($81.08),,
10/26/15,62099,298,$18.54 ,,
10/26/15,65590,159,($18.05),,
10/26/15,66050,253,($27.17),,
10/26/15,65550,290,($16.52),,
10/26/15,66070,201,($5.40),,
10/26/15,73040,167,$259.38 ,,
10/26/15,66020,168,($187.70),,
10/27/15,66120,270,($3.26),,
10/27/15,83010,294,$132.49 ,,
10/27/15,71160,209,$106.20 ,,
10/27/15,66530,180,($5.84),,
10/27/15,80990,230,"$2,218.79 ",,
10/27/15,66110,172,($0.33),,
10/27/15,65590,292,($23.90),,
10/27/15,66080,164,($2.15),,
10/27/15,73010,174,$17.04 ,,
10/27/15,65750,231,($849.69),,
10/27/15,66020,158,($335.07),,
10/27/15,86020,199,$70.76 ,,
10/27/15,61550,236,($110.77),,
10/27/15,68060,189,($31.19),,
10/27/15,62030,231,($155.18),,
10/27/15,65650,246,($82.37),,
10/27/15,66070,273,($6.60),,
10/27/15,73010,161,$11.36 ,,
10/27/15,65660,177,($156.86),,
10/27/15,66090,215,($38.88),,
10/27/15,61570,174,($204.87),,
10/27/15,71200,157,$55.07 ,,
10/27/15,65650,244,($101.10),,
10/27/15,82030,254,$1.20 ,,
10/27/15,65730,219,$9.28 ,,
10/27/15,61560,249,($21.36),,
10/27/15,66030,209,($1.30),,
10/27/15,83050,278,$348.58 ,,
10/27/15,73035,192,$103.47 ,,
10/27/15,83020,181,$412.85 ,,
10/27/15,81330,249,$44.48 ,,
10/27/15,65520,161,($35.18),,
10/27/15,86050,273,$75.36 ,,
10/27/15,65650,243,($38.51),,
10/27/15,66130,265,($46.31),,
10/27/15,83070,274,$221.47 ,,
10/27/15,66100,173,($7.11),,
10/27/15,66090,177,($20.61),,
10/27/15,62520,186,($101.35),,
10/27/15,65570,266,($1.73),,
10/27/15,62510,248,($240.48),,
10/27/15,64000,172,$343.59 ,,
10/27/15,62560,240,($26.72),,
10/27/15,65600,187,($219.99),,
10/27/15,62550,172,($41.90),,
10/27/15,65760,231,($9.22),,
10/27/15,73010,268,$118.70 ,,
10/27/15,65740,192,($635.72),,
10/27/15,86135,251,$2.70 ,,
10/27/15,65610,244,($766.48),,
10/27/15,62560,195,($10.92),,
10/27/15,68060,161,($38.13),,
10/27/15,85510,188,$484.84 ,,
10/28/15,82050,279,$5.27 ,,
10/28/15,62510,292,($160.32),,
10/28/15,82070,257,$10.17 ,,
10/28/15,62030,227,($48.93),,
10/28/15,66080,191,($4.73),,
10/28/15,72120,291,"$1,991.27 ",,
10/28/15,66070,161,($3.32),,
10/28/15,61560,272,($32.04),,
10/28/15,72160,245,"$1,195.50 ",,
10/28/15,81230,285,$65.31 ,,
10/28/15,65750,246,($449.63),,
10/28/15,66110,286,($0.38),,
10/28/15,68060,250,($42.54),,
10/28/15,62550,279,($34.28),,
10/28/15,65620,160,($11.68),,
10/28/15,82010,245,$496.66 ,,
10/28/15,66070,203,($10.66),,
10/28/15,66010,209,($9.26),,
10/28/15,65730,231,$4.95 ,,
10/28/15,61570,257,($256.09),,
10/28/15,73010,197,$233.34 ,,
10/28/15,73035,263,$62.71 ,,
10/28/15,64010,172,$16.70 ,,
10/28/15,64000,285,$214.75 ,,
10/28/15,65600,205,($288.56),,
10/28/15,65710,181,($440.04),,
10/28/15,62510,257,($259.24),,
10/28/15,72040,169,$509.42 ,,
10/28/15,81210,273,$585.39 ,,
10/28/15,86010,162,$85.86 ,,
10/28/15,62550,264,($44.56),,
10/28/15,62520,190,($173.42),,
10/28/15,62560,172,($15.40),,
10/28/15,66020,188,($626.32),,
10/28/15,72050,204,$156.71 ,,
10/28/15,71325,237,($615.02),,
10/28/15,62560,188,($12.32),,
10/28/15,86010,260,$14.92 ,,
10/28/15,65550,252,($10.40),,
10/28/15,81200,234,$6.10 ,,
10/28/15,62010,164,($503.83),,
10/28/15,86010,257,$234.47 ,,
10/28/15,65710,167,($660.06),,
10/28/15,86450,151,$47.97 ,,
10/28/15,65540,166,($53.49),,
10/28/15,86350,260,$114.50 ,,
10/28/15,72020,289,"$2,219.33 ",,
10/28/15,72150,173,"$2,148.77 ",,
10/28/15,66010,286,($6.69),,
10/28/15,62099,186,$13.39 ,,
10/28/15,66070,296,($8.12),,
10/28/15,65610,240,($211.28),,
10/28/15,73030,162,$407.68 ,,
10/29/15,62030,166,($104.67),,
10/29/15,66070,281,($5.58),,
10/29/15,63050,181,($70.53),,
10/29/15,61550,150,($180.00),,
10/29/15,86010,298,$242.58 ,,
10/29/15,65550,188,($13.98),,
10/29/15,61540,157,($6.35),,
10/29/15,65600,274,($721.40),,
10/29/15,86010,165,$264.07 ,,
10/29/15,73050,236,$80.04 ,,
10/29/15,62030,262,($82.24),,
10/29/15,66050,254,($14.82),,
10/29/15,62560,163,($6.16),,
10/29/15,65700,289,($334.12),,
10/29/15,65700,245,($218.70),,
10/29/15,65610,160,($258.23),,
10/29/15,65730,229,$7.60 ,,
10/29/15,66100,189,($3.26),,
10/29/15,64020,153,$1.78 ,,
10/29/15,65690,198,($54.31),,
10/29/15,66090,247,($33.58),,
10/29/15,65590,228,($19.55),,
10/29/15,81090,192,$541.12 ,,
10/29/15,66510,213,($29.04),,
10/29/15,71160,243,$70.80 ,,
10/29/15,73030,196,$146.88 ,,
10/29/15,62010,275,($348.81),,
10/29/15,62010,168,"($1,220.83)",,
10/29/15,62560,209,($7.28),,
10/29/15,86330,217,$955.49 ,,
10/29/15,61540,153,($5.16),,
10/29/15,65650,248,($64.72),,
10/29/15,64000,150,$186.11 ,,
10/29/15,72110,216,"$2,089.48 ",,
10/29/15,61510,150,($71.88),,
10/29/15,65540,259,($28.02),,
10/29/15,73030,284,$389.90 ,,
10/29/15,62020,205,($477.95),,
10/29/15,61570,184,($130.34),,
10/29/15,71070,250,($17.55),,
10/29/15,65600,159,($419.72),,
10/29/15,71180,275,($115.91),,
10/29/15,86200,166,$19.07 ,,
10/29/15,73010,195,$31.05 ,,
10/29/15,82010,265,$609.54 ,,
10/29/15,62020,168,($546.23),,
10/29/15,73020,236,$19.14 ,,
10/29/15,73035,185,$25.22 ,,
10/29/15,82030,248,$1.47 ,,
10/29/15,66530,150,($4.15),,
10/29/15,66050,297,($47.01),,
10/29/15,61520,292,($264.38),,
10/29/15,85510,186,$484.84 ,,
10/29/15,65710,268,"($1,155.11)",,
10/29/15,66020,209,($409.53),,
10/29/15,65590,250,($33.09),,
10/29/15,66100,186,($3.56),,
10/29/15,65750,275,($755.62),,
10/29/15,65740,248,($459.13),,
10/29/15,72070,156,"$3,063.98 ",,
10/29/15,66530,295,($6.23),,
10/29/15,72120,165,"$2,443.83 ",,
10/29/15,65550,231,($12.71),,
10/29/15,83020,257,$412.48 ,,
10/29/15,66110,280,($0.42),,
10/29/15,66550,182,$1.04 ,,
10/29/15,65740,191,($423.81),,
10/29/15,86020,201,$86.48 ,,
10/29/15,61530,247,($72.32),,
10/29/15,73040,289,$141.48 ,,
10/29/15,61540,282,($3.88),,
10/29/15,66050,278,($22.99),,
10/29/15,66120,264,($1.90),,
10/29/15,66510,291,($43.01),,
10/29/15,62520,273,($152.02),,
10/29/15,62550,185,($27.42),,
10/29/15,62530,151,($70.25),,
10/29/15,65660,291,($23.58),,
10/29/15,65550,187,($14.55),,
10/29/15,82030,208,$75.38 ,,
10/29/15,66030,280,($8.10),,
10/29/15,66130,285,($162.08),,
10/29/15,66510,296,($21.12),,
10/29/15,82070,188,$18.65 ,,
10/29/15,66100,162,($3.56),,
10/29/15,61520,292,($216.31),,
10/29/15,66080,211,($1.44),,
10/29/15,86010,196,$369.15 ,,
10/29/15,72140,167,"$1,057.76 ",,
10/29/15,86200,257,$151.91 ,,
10/29/15,62030,237,($59.81),,
10/29/15,61570,221,($177.73),,
10/29/15,72130,197,"$1,918.43 ",,
10/29/15,66010,213,($6.18),,
10/29/15,66070,194,($4.43),,
10/29/15,62010,273,($570.78),,
10/29/15,66130,296,($77.18),,
10/29/15,62560,296,($9.24),,
10/29/15,62520,154,($260.12),,
10/29/15,65740,248,($375.65),,
10/29/15,62030,233,($73.40),,
10/29/15,81180,259,"$2,141.37 ",,
10/29/15,66120,198,($2.85),,
10/29/15,73020,193,$59.65 ,,
10/29/15,64010,289,$18.83 ,,
10/29/15,64000,262,$171.80 ,,
10/29/15,86030,170,$220.00 ,,
10/29/15,62010,296,($570.78),,
10/29/15,66110,210,($0.56),,
10/29/15,65690,232,($42.79),,
10/29/15,86100,207,($27.36),,
10/29/15,66530,282,($3.50),,
10/29/15,83020,226,$72.00 ,,
10/29/15,65610,217,($166.46),,
10/29/15,86020,286,$10.30 ,,
10/29/15,81060,221,"$1,128.39 ",,
10/29/15,66520,173,($13.76),,
10/29/15,73020,236,$24.08 ,,
10/29/15,72160,176,"$1,371.27 ",,
10/29/15,73010,183,$326.03 ,,
10/29/15,65650,222,($72.21),,
10/29/15,83020,173,$132.00 ,,
10/29/15,62099,251,$15.11 ,,
10/29/15,81110,188,$70.73 ,,
10/29/15,62520,152,($185.80),,
10/29/15,66030,232,($2.97),,
10/29/15,62099,170,$18.54 ,,
10/29/15,65590,202,($22.06),,
10/29/15,65570,284,($1.58),,
10/29/15,64000,181,$140.56 ,,
10/29/15,71170,278,$530.31 ,,
10/29/15,64010,281,$23.11 ,,
10/29/15,62550,213,($73.31),,
10/29/15,61560,180,($31.07),,
10/29/15,64010,215,$28.25 ,,
10/29/15,65660,294,($17.69),,
10/29/15,66110,207,($0.55),,
10/29/15,61540,180,($4.20),,
10/29/15,66030,165,($2.27),,
10/29/15,64000,223,$263.55 ,,
10/29/15,62560,204,($8.96),,
10/29/15,65660,151,($75.02),,
10/29/15,64020,213,$2.27 ,,
10/29/15,71310,211,"$2,395.32 ",,
10/29/15,65650,158,($123.56),,
10/29/15,66070,296,($6.23),,
10/29/15,86050,240,$137.62 ,,
10/29/15,83020,257,$506.23 ,,
10/29/15,73060,196,$18.00 ,,
10/29/15,64010,160,$18.83 ,,
10/29/15,65700,272,($200.47),,
10/29/15,65710,269,($360.03),,
10/29/15,72160,152,"$1,675.99 ",,
10/29/15,73040,226,$150.66 ,,
10/29/15,65610,255,($192.07),,
10/29/15,61540,221,($3.97),,
10/29/15,66520,210,($10.84),,
10/29/15,65740,218,($433.45),,
10/29/15,66070,278,($3.60),,
10/29/15,68060,253,($72.79),,
10/29/15,81170,298,$41.40 ,,
10/29/15,81280,177,$44.34 ,,
10/29/15,73020,199,$145.86 ,,
10/29/15,86400,179,($1.44),,
10/29/15,66110,150,($0.44),,
10/29/15,65750,222,"($1,180.27)",,
10/29/15,64010,248,$19.27 ,,
10/29/15,66020,211,($167.53),,
10/29/15,81210,227,$319.30 ,,
10/29/15,66080,192,($1.65),,
10/29/15,66530,158,($4.78),,
10/29/15,66010,164,($12.35),,
10/29/15,65750,295,($549.54),,
10/29/15,65610,243,($250.41),,
10/29/15,61550,239,($138.46),,
10/29/15,65700,263,($267.30),,
10/29/15,63050,237,($66.12),,
10/29/15,86050,280,$61.40 ,,
10/29/15,65650,221,($50.99),,
10/29/15,65760,237,($5.64),,
10/29/15,65590,286,($22.56),,
10/29/15,62560,170,($17.64),,
10/29/15,66040,265,($21.48),,
10/29/15,63050,277,($80.82),,
10/29/15,82060,221,$44.75 ,,
10/29/15,62560,178,($6.72),,
10/29/15,61520,189,($201.43),,
10/29/15,73035,209,$68.98 ,,
10/29/15,66010,214,($5.47),,
10/29/15,63050,183,($105.06),,
10/29/15,65690,160,($52.66),,
10/29/15,65610,291,($249.70),,
10/29/15,66030,186,($1.94),,
10/29/15,61510,229,($54.91),,
10/29/15,86400,286,($0.15),,
10/29/15,66020,228,($459.30),,
10/29/15,86290,230,$18.44 ,,
10/29/15,83050,273,$232.38 ,,
10/30/15,66090,180,($25.19),,
10/30/15,71050,166,$237.57 ,,
10/30/15,81220,154,$200.89 ,,
10/30/15,86310,187,$106.29 ,,
10/30/15,73040,256,$141.48 ,,
10/30/15,62560,188,($6.72),,
10/30/15,65610,236,($268.90),,
10/30/15,66010,184,($10.81),,
10/30/15,66130,166,($92.61),,
10/30/15,66120,241,($1.72),,
10/30/15,81050,152,"$1,551.24 ",,
10/30/15,66040,203,($17.19),,
10/30/15,62530,220,($43.24),,
10/30/15,66090,228,($36.06),,
10/30/15,66510,207,($31.68),,
10/30/15,84020,233,$233.37 ,,
10/30/15,65550,266,($7.62),,
10/30/15,81220,261,$246.55 ,,
10/30/15,65900,220,($31.05),,
10/30/15,65610,221,($288.11),,
10/30/15,61510,267,($76.88),,
10/30/15,66010,210,($6.74),,
10/30/15,61570,199,($102.44),,
10/30/15,71180,267,($94.83),,
10/30/15,62550,251,($36.57),,
10/30/15,65660,160,($26.53),,
10/30/15,66120,215,($2.28),,
10/30/15,66020,209,($960.36),,
10/30/15,86180,260,$45.65 ,,
10/30/15,65590,290,($44.11),,
10/30/15,63050,290,($79.35),,
10/30/15,65650,219,($38.51),,
10/30/15,65550,197,($15.25),,
10/30/15,61550,202,($120.00),,
10/30/15,65740,274,($847.63),,
10/30/15,65700,185,($501.18),,
10/30/15,66110,154,($0.42),,
10/30/15,62010,236,"($1,016.10)",,
10/30/15,65700,150,($434.36),,
10/30/15,66080,290,($1.62),,
10/30/15,66110,279,($0.67),,
10/30/15,64010,167,$15.41 ,,
10/30/15,65700,249,($300.71),,
10/30/15,62010,291,($475.65),,
10/30/15,83070,275,$167.60 ,,
10/30/15,65620,217,($8.90),,
10/30/15,86180,226,$37.35 ,,
10/30/15,73040,260,$184.14 ,,
10/30/15,66510,229,($29.70),,
10/30/15,71020,176,$750.39 ,,
10/30/15,63050,257,($96.98),,
10/30/15,82010,274,$133.19 ,,
10/30/15,68060,297,($34.03),,
10/31/15,86290,298,$52.05 ,,
10/31/15,83030,185,($261.66),,
10/31/15,66040,227,($19.33),,
10/31/15,72100,196,$167.43 ,,
10/31/15,71299,194,($5.91),,
10/31/15,66050,209,($20.52),,
10/31/15,61520,250,($123.60),,
10/31/15,65650,224,($35.30),,
10/31/15,65730,170,$4.39 ,,
10/31/15,65650,190,($513.00),,
10/31/15,83010,171,$59.22 ,,
10/31/15,66120,168,($2.48),,
10/31/15,86200,279,$124.29 ,,
10/31/15,62560,282,($14.37),,
10/31/15,65550,203,($12.47),,
10/31/15,73035,165,$94.07 ,,
10/31/15,86320,271,$17.69 ,,
10/31/15,81200,155,$4.06 ,,
10/31/15,61550,252,($168.57),,
10/31/15,65740,288,($563.48),,
10/31/15,61530,293,($51.28),,
10/31/15,81110,158,$116.65 ,,
10/31/15,65620,198,($10.88),,
10/31/15,66040,195,($21.09),,
10/31/15,66120,248,($1.52),,
10/31/15,62510,229,($242.16),,
10/31/15,71010,262,"$1,355.07 ",,
10/31/15,83030,276,$416.42 ,,
10/31/15,61530,246,($38.57),,
10/31/15,71299,251,($7.22),,
10/31/15,66130,218,($46.31),,
10/31/15,66090,221,($18.32),,
10/31/15,66130,155,($82.32),,
10/31/15,65600,220,($512.99),,
10/31/15,66510,261,($21.78),,
10/31/15,65600,261,($472.19),,
10/31/15,65570,298,($5.54),,
10/31/15,66120,173,($1.12),,
10/31/15,64020,190,$1.30 ,,
10/31/15,64020,293,$7.46 ,,
10/31/15,86330,213,$521.18 ,,
10/31/15,66100,222,($6.82),,
10/31/15,61560,236,($28.60),,
10/31/15,66130,163,($69.46),,
10/31/15,66010,212,($16.21),,
10/31/15,64010,298,$37.67 ,,
10/31/15,73035,160,$91.02 ,,
10/31/15,62510,238,($277.47),,
10/31/15,81050,275,$84.48 ,,
10/31/15,66110,218,($0.88),,
10/31/15,65620,295,($4.45),,
10/31/15,65760,297,($11.53),,
10/31/15,68060,160,($51.05),,
#VALUE!,,,"$58,575.62 ",,
